46500.00    -0.19110088
46500.10    -0.15473849
46500.20    -0.11737163
46500.30    -0.06869213
46500.40    -0.06475087
46500.50    -0.04999764
46500.60    -0.07252137
46500.70    -0.07610663
46500.80    -0.05557120
46500.90    -0.08642377
46501.00    -0.12196099
46501.10    -0.13772821
46501.20    -0.16890474
46501.30    -0.19008724
46501.40    -0.19077952
46501.50    -0.23465911
46501.60    -0.26612943
46501.70    -0.28108144
46501.80    -0.33063346
46501.90    -0.34116530
46502.00    -0.33107635
46502.10    -0.31690025
46502.20    -0.31825152
46502.30    -0.30880108
46502.40    -0.31477302
46502.50    -0.30456755
46502.60    -0.32569093
46502.70    -0.32056576
46502.80    -0.33251414
46502.90    -0.32600212
46503.00    -0.33013782
46503.10    -0.32465732
46503.20    -0.33685130
46503.30    -0.35290614
46503.40    -0.35739726
46503.50    -0.37156793
46503.60    -0.39061484
46503.70    -0.37755775
46503.80    -0.40498680
46503.90    -0.41672716
46504.00    -0.44174638
46504.10    -0.43731210
46504.20    -0.45861742
46504.30    -0.43977925
46504.40    -0.47961947
46504.50    -0.49452356
46504.60    -0.50575304
46504.70    -0.53008080
46504.80    -0.54696834
46504.90    -0.54768723
46505.00    -0.54875618
46505.10    -0.56936461
46505.20    -0.59500194
46505.30    -0.59359926
46505.40    -0.59704936
46505.50    -0.63007903
46505.60    -0.66446739
46505.70    -0.63762242
46505.80    -0.62866211
46505.90    -0.64576292
46506.00    -0.61138695
46506.10    -0.61928535
46506.20    -0.60797822
46506.30    -0.61191380
46506.40    -0.62980944
46506.50    -0.58179319
46506.60    -0.60214198
46506.70    -0.60417205
46506.80    -0.65449411
46506.90    -0.62306511
46507.00    -0.58865267
46507.10    -0.48677501
46507.20    -0.51584691
46507.30    -0.62157649
46507.40    -0.66703612
46507.50    -0.52690285
46507.60    -0.55995911
46507.70    -0.56263155
46507.80    -0.62992555
46507.90    -0.60439467
46508.00    -0.51269478
46508.10    -0.51334947
46508.20    -0.46380785
46508.30    -0.42761141
46508.40    -0.38986337
46508.50    -0.39989841
46508.60    -0.43744373
46508.70    -0.40303341
46508.80    -0.40908727
46508.90    -0.41927725
46509.00    -0.38601112
46509.10    -0.34113073
46509.20    -0.31056777
46509.30    -0.28655058
46509.40    -0.25522667
46509.50    -0.20396209
46509.60    -0.17964709
46509.70    -0.14697827
46509.80    -0.13495381
46509.90    -0.07101309
46510.00    -0.12738781
46510.10    -0.05412441
46510.20    -0.05066228
46510.30    -0.07495242
46510.40    -0.03023269
46510.50    -0.13277693
46510.60    -0.06187769
46510.70    -0.01820080
46510.80    -0.02200263
46510.90    -0.07292406
46511.00    -0.06551147
46511.10    -0.02924703
46511.20    -0.00992094
46511.30    -0.03129146
46511.40    -0.12315629
46511.50     0.18379278
46511.60     0.04833410
46511.70     0.05744511
46511.80     0.08217822
46511.90     0.05353682
46512.00     0.07011823
46512.10     0.00960739
46512.20    -0.00931393
46512.30    -0.07135035
46512.40    -0.15383096
46512.50    -0.17381014
46512.60    -0.21583031
46512.70    -0.15755863
46512.80    -0.20444408
46512.90    -0.22735496
46513.00    -0.19800512
46513.10    -0.20124002
46513.20    -0.26927516
46513.30    -0.23011242
46513.40    -0.23852301
46513.50    -0.29444349
46513.60    -0.28830981
46513.70    -0.27810785
46513.80    -0.26753035
46513.90    -0.24693811
46514.00    -0.22183968
46514.10    -0.21735258
46514.20    -0.20292060
46514.30    -0.20466693
46514.40    -0.25198185
46514.50    -0.23619984
46514.60    -0.08004995
46514.70    -0.27297461
46514.80    -0.22833727
46514.90    -0.18525666
46515.00    -0.15763146
46515.10    -0.16475958
46515.20    -0.10400493
46515.30    -0.10078949
46515.40    -0.15758750
46515.50    -0.05493313
46515.60    -0.12891223
46515.70    -0.18374662
46515.80    -0.18648268
46515.90    -0.15507364
46516.00    -0.16089688
46516.10    -0.27533138
46516.20     0.05929057
46516.30    -0.10288712
46516.40    -0.17789917
46516.50    -0.24201116
46516.60    -0.27266511
46516.70    -0.22261003
46516.80    -0.16541380
46516.90    -0.10596141
46517.00    -0.04039109
46517.10     0.03272021
46517.20     0.06543496
46517.30     0.05875158
46517.40     0.03590043
46517.50     0.03201405
46517.60     0.03360192
46517.70     0.01249091
46517.80     0.06775536
46517.90     0.06395978
46518.00     0.05053886
46518.10     0.06239864
46518.20     0.13186848
46518.30     0.08239598
46518.40     0.06496770
46518.50     0.08345271
46518.60     0.08750075
46518.70     0.10087610
46518.80     0.08701474
46518.90     0.09660301
46519.00     0.08284405
46519.10     0.07666601
46519.20     0.03469634
46519.30     0.05336904
46519.40     0.04052031
46519.50     0.05347906
46519.60     0.02082451
46519.70     0.03436908
46519.80     0.03666998
46519.90     0.00145803
46520.00    -0.01660698
46520.10    -0.03213956
46520.20    -0.02304373
46520.30    -0.03715944
46520.40    -0.06281526
46520.50    -0.09683955
46520.60    -0.08766527
46520.70    -0.10406484
46520.80    -0.11224509
46520.90    -0.13951831
46521.00    -0.15826011
46521.10    -0.15172663
46521.20    -0.19791348
46521.30    -0.22801557
46521.40    -0.24036317
46521.50    -0.26116043
46521.60    -0.28639823
46521.70    -0.31061748
46521.80    -0.32495496
46521.90    -0.34961978
46522.00    -0.35451728
46522.10    -0.40267789
46522.20    -0.44105139
46522.30    -0.39627397
46522.40    -0.46345302
46522.50    -0.48062032
46522.60    -0.49128327
46522.70    -0.45592788
46522.80    -0.51607352
46522.90    -0.56340635
46523.00    -0.58542150
46523.10    -0.61720830
46523.20    -0.62774354
46523.30    -0.63821924
46523.40    -0.65823948
46523.50    -0.65039027
46523.60    -0.65086478
46523.70    -0.66318858
46523.80    -0.65622693
46523.90    -0.58460540
46524.00    -0.61225516
46524.10    -0.55883008
46524.20    -0.73354506
46524.30    -0.78653020
46524.40    -0.67814636
46524.50    -0.52113420
46524.60    -0.61534524
46524.70    -0.42231539
46524.80    -0.73001003
46524.90    -0.45445529
46525.00    -0.54398203
46525.10    -0.55544198
46525.20    -0.69571501
46525.30    -0.70620698
46525.40    -0.71986765
46525.50    -0.53585327
46525.60    -0.52956229
46525.70    -0.42571229
46525.80    -0.54001433
46525.90    -0.40728280
46526.00    -0.48337701
46526.10    -0.49002415
46526.20    -0.35698754
46526.30    -0.17153986
46526.40    -0.24327713
46526.50    -0.41560197
46526.60    -0.40646440
46526.70    -0.23135073
46526.80    -0.29888541
46526.90    -0.41516307
46527.00    -0.37983814
46527.10    -0.30351442
46527.20    -0.07879445
46527.30    -0.32111302
46527.40    -0.22849412
46527.50    -0.07112967
46527.60    -0.41135871
46527.70    -0.27399018
46527.80    -0.44775584
46527.90    -0.20791933
46528.00    -0.26859465
46528.10    -0.32713532
46528.20    -0.28896374
46528.30    -0.21202530
46528.40    -0.16224138
46528.50    -0.16272509
46528.60    -0.18382594
46528.70    -0.21985903
46528.80    -0.16032010
46528.90    -0.15767244
46529.00    -0.11017069
46529.10    -0.14298199
46529.20    -0.09894854
46529.30    -0.14927696
46529.40    -0.11237729
46529.50    -0.00059140
46529.60    -0.17656751
46529.70    -0.18144944
46529.80    -0.11410768
46529.90    -0.06476485
46530.00    -0.07703081
46530.10    -0.07126704
46530.20    -0.11735225
46530.30    -0.15482129
46530.40    -0.06471968
46530.50    -0.02561028
46530.60    -0.10939460
46530.70    -0.00248794
46530.80    -0.09574632
46530.90     0.05612208
46531.00     0.15194401
46531.10    -0.05693632
46531.20    -0.01696141
46531.30     0.01519467
46531.40     0.12988792
46531.50    -0.03645828
46531.60     0.01498715
46531.70     0.01906506
46531.80    -0.00057515
46531.90     0.07230301
46532.00     0.07282634
46532.10     0.06233722
46532.20     0.09646200
46532.30     0.03769099
46532.40     0.07307684
46532.50     0.10431167
46532.60     0.14672776
46532.70     0.19249451
46532.80     0.21653344
46532.90     0.24513030
46533.00     0.14764746
46533.10     0.17043599
46533.20     0.16257228
46533.30     0.12639448
46533.40     0.16514267
46533.50     0.15100829
46533.60     0.19738774
46533.70     0.23364386
46533.80     0.26780358
46533.90     0.26158810
46534.00     0.23152159
46534.10     0.24046347
46534.20     0.26027405
46534.30     0.27401233
46534.40     0.28770298
46534.50     0.28889516
46534.60     0.29546997
46534.70     0.25269893
46534.80     0.22992070
46534.90     0.26936221
46535.00     0.24915838
46535.10     0.26840186
46535.20     0.26678392
46535.30     0.26970300
46535.40     0.35599703
46535.50     0.33143181
46535.60     0.32801095
46535.70     0.32250944
46535.80     0.31227386
46535.90     0.34921438
46536.00     0.33929333
46536.10     0.30544180
46536.20     0.32539737
46536.30     0.28712669
46536.40     0.23049255
46536.50     0.23828745
46536.60     0.26735565
46536.70     0.23596722
46536.80     0.23949011
46536.90     0.24934262
46537.00     0.22223249
46537.10     0.27781752
46537.20     0.27858853
46537.30     0.27272856
46537.40     0.26222339
46537.50     0.25650603
46537.60     0.26943395
46537.70     0.26510078
46537.80     0.26648402
46537.90     0.25373235
46538.00     0.22731860
46538.10     0.23262368
46538.20     0.26102516
46538.30     0.22624670
46538.40     0.21088979
46538.50     0.22703019
46538.60     0.20080400
46538.70     0.19997136
46538.80     0.17990525
46538.90     0.28760877
46539.00     0.19060847
46539.10     0.16521725
46539.20     0.22240309
46539.30     0.17841096
46539.40     0.13238277
46539.50     0.14334804
46539.60     0.12456226
46539.70     0.11320242
46539.80     0.10559990
46539.90     0.10461379
46540.00     0.08510105
46540.10     0.08438083
46540.20     0.07250027
46540.30     0.05948978
46540.40     0.07015401
46540.50     0.04242190
46540.60     0.03345982
46540.70     0.02255262
46540.80    -0.00006134
46540.90     0.00538249
46541.00    -0.01486899
46541.10    -0.08405540
46541.20    -0.06504659
46541.30    -0.00485938
46541.40     0.09205870
46541.50     0.04405828
46541.60     0.01393333
46541.70    -0.01097422
46541.80    -0.08385772
46541.90    -0.06782569
46542.00    -0.10509858
46542.10    -0.15318123
46542.20    -0.14854869
46542.30    -0.09515533
46542.40    -0.12157065
46542.50    -0.18397176
46542.60    -0.26423806
46542.70    -0.23602840
46542.80    -0.14006063
46542.90    -0.04072022
46543.00    -0.13669623
46543.10    -0.21835157
46543.20    -0.28757477
46543.30    -0.30355892
46543.40    -0.30967921
46543.50    -0.17240079
46543.60    -0.15159118
46543.70    -0.29439449
46543.80    -0.26978633
46543.90    -0.27399558
46544.00    -0.35393560
46544.10    -0.33377770
46544.20    -0.34377542
46544.30    -0.35097608
46544.40    -0.38798216
46544.50    -0.41765529
46544.60    -0.44194004
46544.70    -0.40960416
46544.80    -0.42441431
46544.90    -0.43322590
46545.00    -0.41628003
46545.10    -0.44684431
46545.20    -0.41726583
46545.30    -0.41264948
46545.40    -0.40471715
46545.50    -0.39628163
46545.60    -0.41245630
46545.70    -0.39023954
46545.80    -0.36276323
46545.90    -0.35879797
46546.00    -0.40459904
46546.10    -0.40366974
46546.20    -0.42973223
46546.30    -0.44335717
46546.40    -0.40823641
46546.50    -0.48715070
46546.60    -0.49513659
46546.70    -0.44076404
46546.80    -0.42061436
46546.90    -0.39228234
46547.00    -0.35723582
46547.10    -0.33792648
46547.20    -0.37180778
46547.30    -0.30447283
46547.40    -0.42111707
46547.50    -0.37834126
46547.60    -0.35039371
46547.70    -0.32566130
46547.80    -0.31463847
46547.90    -0.31562817
46548.00    -0.35415807
46548.10    -0.32293352
46548.20    -0.33594939
46548.30    -0.25271836
46548.40    -0.26195848
46548.50    -0.24357939
46548.60    -0.18126668
46548.70    -0.23499520
46548.80    -0.27596107
46548.90    -0.29825187
46549.00    -0.28178486
46549.10    -0.26655143
46549.20    -0.22242256
46549.30    -0.18761005
46549.40    -0.15955155
46549.50    -0.13226038
46549.60    -0.12630630
46549.70    -0.10026786
46549.80    -0.15837984
46549.90    -0.15323628
46550.00    -0.16524413
46550.10    -0.13403022
46550.20    -0.18351227
46550.30    -0.14791848
46550.40    -0.20280668
46550.50    -0.23602070
46550.60    -0.21916373
46550.70    -0.20000063
46550.80    -0.24857411
46550.90    -0.23106651
46551.00    -0.27971560
46551.10    -0.22806963
46551.20    -0.14936288
46551.30    -0.15490063
46551.40    -0.17210051
46551.50    -0.14647448
46551.60    -0.11794723
46551.70    -0.12016454
46551.80    -0.09991639
46551.90    -0.13027389
46552.00    -0.09538172
46552.10    -0.17276074
46552.20    -0.16131940
46552.30    -0.17614859
46552.40    -0.18747787
46552.50    -0.13200629
46552.60    -0.18359575
46552.70    -0.11892943
46552.80    -0.21199526
46552.90    -0.23642527
46553.00    -0.25951302
46553.10    -0.14205484
46553.20    -0.13724129
46553.30    -0.18282168
46553.40    -0.18675561
46553.50    -0.12472612
46553.60    -0.17032818
46553.70    -0.14425629
46553.80    -0.17395586
46553.90    -0.13923401
46554.00    -0.18632746
46554.10    -0.18665054
46554.20    -0.18966267
46554.30    -0.18392365
46554.40    -0.18607374
46554.50    -0.19191597
46554.60    -0.17606880
46554.70    -0.18853515
46554.80    -0.17604394
46554.90    -0.20096597
46555.00    -0.20294978
46555.10    -0.19362761
46555.20    -0.20908396
46555.30    -0.22843149
46555.40    -0.18402828
46555.50    -0.14313297
46555.60    -0.15288435
46555.70    -0.13390072
46555.80    -0.11714765
46555.90    -0.12491301
46556.00    -0.12521370
46556.10    -0.09733278
46556.20    -0.10564175
46556.30    -0.09302662
46556.40    -0.13577136
46556.50    -0.09770840
46556.60    -0.12980360
46556.70    -0.10207073
46556.80    -0.10766375
46556.90    -0.11144936
46557.00    -0.11439338
46557.10    -0.11666583
46557.20    -0.12371226
46557.30    -0.14093007
46557.40    -0.13041009
46557.50    -0.12889662
46557.60    -0.12697807
46557.70    -0.13644005
46557.80    -0.11096493
46557.90    -0.15191098
46558.00    -0.16063859
46558.10    -0.18227533
46558.20    -0.20685141
46558.30    -0.18257105
46558.40    -0.17844537
46558.50    -0.21154200
46558.60    -0.21131770
46558.70    -0.24855997
46558.80    -0.26608104
46558.90    -0.30202970
46559.00    -0.26296940
46559.10    -0.31885654
46559.20    -0.34540460
46559.30    -0.33981460
46559.40    -0.35244149
46559.50    -0.32664835
46559.60    -0.32641655
46559.70    -0.34459734
46559.80    -0.42137969
46559.90    -0.34252736
46560.00    -0.51270300
46560.10    -0.32301134
46560.20    -0.31583959
46560.30    -0.37720168
46560.40    -0.21196972
46560.50    -0.03593118
46560.60    -0.04358731
46560.70    -0.18592757
46560.80     0.09819414
46560.90     0.08569018
46561.00    -0.00008056
46561.10     0.01841373
46561.20    -0.02847987
46561.30     0.01638287
46561.40     0.03419676
46561.50     0.11676719
46561.60     0.06035927
46561.70     0.05707488
46561.80     0.02526508
46561.90     0.03325202
46562.00    -0.01821244
46562.10    -0.07424870
46562.20    -0.01851334
46562.30    -0.30693030
46562.40    -0.19259757
46562.50    -0.27953303
46562.60    -0.16545311
46562.70    -0.16024877
46562.80    -0.31258678
46562.90    -0.24460241
46563.00    -0.05685286
46563.10    -0.16081254
46563.20    -0.07629060
46563.30    -0.10789508
46563.40    -0.13514893
46563.50    -0.15712696
46563.60    -0.15710764
46563.70    -0.10797925
46563.80    -0.12698185
46563.90    -0.06942389
46564.00    -0.24879694
46564.10    -0.13152918
46564.20    -0.04805466
46564.30    -0.14555213
46564.40    -0.16946858
46564.50    -0.11782868
46564.60    -0.11901884
46564.70     0.02949825
46564.80    -0.03303622
46564.90    -0.03677767
46565.00     0.02485811
46565.10     0.01827842
46565.20    -0.00852407
46565.30     0.04765273
46565.40     0.00868619
46565.50    -0.04276731
46565.60     0.03013228
46565.70    -0.04826712
46565.80     0.06447597
46565.90     0.07498790
46566.00     0.04160639
46566.10     0.03704172
46566.20     0.03607779
46566.30    -0.03742608
46566.40    -0.02447775
46566.50    -0.02974877
46566.60    -0.03070324
46566.70    -0.07595535
46566.80    -0.09195036
46566.90    -0.14668445
46567.00    -0.24056162
46567.10    -0.09225106
46567.20    -0.15585558
46567.30    -0.09040050
46567.40    -0.16687100
46567.50    -0.12489278
46567.60    -0.16484922
46567.70    -0.09813056
46567.80    -0.08953361
46567.90    -0.21784765
46568.00    -0.29302302
46568.10    -0.17650688
46568.20    -0.16404369
46568.30    -0.06630737
46568.40    -0.16722111
46568.50    -0.09421641
46568.60    -0.20401064
46568.70    -0.08776249
46568.80    -0.28591084
46568.90    -0.15732995
46569.00    -0.04379014
46569.10     0.01079571
46569.20    -0.04806919
46569.30     0.02326091
46569.40    -0.15361403
46569.50     0.05925573
46569.60     0.00577542
46569.70    -0.05448315
46569.80    -0.09155269
46569.90     0.05923735
46570.00     0.12851612
46570.10     0.00385269
46570.20    -0.10469222
46570.30    -0.16633451
46570.40    -0.12888318
46570.50    -0.10006860
46570.60    -0.06428133
46570.70    -0.18320437
46570.80    -0.11011063
46570.90    -0.18312968
46571.00    -0.22478303
46571.10    -0.23458831
46571.20    -0.17652164
46571.30    -0.20213793
46571.40    -0.06056148
46571.50    -0.15605529
46571.60    -0.24651662
46571.70    -0.15005119
46571.80    -0.13652332
46571.90    -0.20583260
46572.00    -0.19151929
46572.10    -0.20301938
46572.20    -0.15093252
46572.30    -0.13075799
46572.40    -0.17297849
46572.50    -0.18014516
46572.60    -0.08182370
46572.70    -0.00884404
46572.80    -0.08017717
46572.90    -0.07017048
46573.00    -0.12714817
46573.10    -0.12829068
46573.20     0.05975513
46573.30    -0.06658204
46573.40     0.03004161
46573.50    -0.17592317
46573.60    -0.12420263
46573.70    -0.07175105
46573.80    -0.02191678
46573.90    -0.00677590
46574.00     0.02815358
46574.10    -0.07886561
46574.20    -0.02559387
46574.30    -0.00909116
46574.40     0.07710471
46574.50     0.02911537
46574.60     0.07908951
46574.70    -0.05658606
46574.80     0.12997006
46574.90    -0.01338227
46575.00     0.07032737
46575.10     0.11526711
46575.20     0.07881167
46575.30    -0.03136128
46575.40    -0.12837383
46575.50    -0.14295989
46575.60     0.07756325
46575.70     0.09303923
46575.80    -0.00905247
46575.90    -0.04818751
46576.00     0.00875755
46576.10    -0.02564134
46576.20    -0.02864580
46576.30     0.00667701
46576.40     0.11204008
46576.50     0.01035184
46576.60     0.14482242
46576.70     0.03572236
46576.80    -0.02569615
46576.90     0.10967304
46577.00     0.01908434
46577.10     0.14305171
46577.20    -0.01248791
46577.30     0.03475809
46577.40     0.04379395
46577.50     0.05339401
46577.60    -0.05812854
46577.70    -0.06995064
46577.80     0.04890698
46577.90    -0.12999326
46578.00     0.00801062
46578.10    -0.01838678
46578.20     0.10440460
46578.30     0.07206866
46578.40     0.08750104
46578.50     0.09703645
46578.60     0.07275872
46578.70     0.03236237
46578.80     0.09358843
46578.90     0.07377154
46579.00    -0.00071829
46579.10     0.15070799
46579.20     0.02445530
46579.30     0.07807405
46579.40     0.11338709
46579.50     0.06907243
46579.60    -0.10082106
46579.70     0.01128140
46579.80     0.03347750
46579.90    -0.04542491
46580.00    -0.09094983
46580.10     0.02611100
46580.20    -0.01306316
46580.30     0.01657043
46580.40    -0.07885191
46580.50    -0.01850228
46580.60    -0.10188236
46580.70    -0.13178149
46580.80    -0.10198467
46580.90    -0.00386125
46581.00    -0.00131734
46581.10    -0.19898845
46581.20    -0.29219472
46581.30     0.02055344
46581.40     0.04139910
46581.50    -0.05435561
46581.60     0.05955733
46581.70    -0.08901820
46581.80    -0.09270880
46581.90    -0.09726992
46582.00    -0.09957603
46582.10    -0.13268615
46582.20    -0.10583696
46582.30    -0.16700508
46582.40    -0.08678766
46582.50    -0.03693860
46582.60    -0.08576655
46582.70    -0.03468186
46582.80    -0.08963443
46582.90     0.00015059
46583.00    -0.01044251
46583.10    -0.23119393
46583.20    -0.09367011
46583.30    -0.06310152
46583.40    -0.01943453
46583.50    -0.02456827
46583.60    -0.10381612
46583.70    -0.11349622
46583.80    -0.09722574
46583.90    -0.05195396
46584.00    -0.07653973
46584.10    -0.09698575
46584.20    -0.17924218
46584.30     0.02360568
46584.40    -0.12680264
46584.50    -0.07450970
46584.60     0.03614456
46584.70    -0.08361600
46584.80    -0.08018360
46584.90    -0.10025573
46585.00     0.02223176
46585.10    -0.06784590
46585.20    -0.02854871
46585.30    -0.04777935
46585.40    -0.11240673
46585.50    -0.25813386
46585.60    -0.19324417
46585.70    -0.17216749
46585.80    -0.17517819
46585.90    -0.11787978
46586.00    -0.10534620
46586.10    -0.08853898
46586.20    -0.16522320
46586.30    -0.10840348
46586.40    -0.03938328
46586.50    -0.05603768
46586.60     0.00645523
46586.70    -0.01636350
46586.80     0.01939683
46586.90     0.00216988
46587.00    -0.06575253
46587.10    -0.10394661
46587.20    -0.08845130
46587.30    -0.03619188
46587.40    -0.00613029
46587.50    -0.04232484
46587.60    -0.02565684
46587.70    -0.05401016
46587.80    -0.07963531
46587.90    -0.09388883
46588.00    -0.04254756
46588.10    -0.08634298
46588.20    -0.05196373
46588.30    -0.08825579
46588.40    -0.11711163
46588.50    -0.12888664
46588.60    -0.16003746
46588.70    -0.19463275
46588.80    -0.15536390
46588.90    -0.12239787
46589.00    -0.20189281
46589.10    -0.09075930
46589.20    -0.07916373
46589.30    -0.15931863
46589.40    -0.10786296
46589.50    -0.06333453
46589.60    -0.06327887
46589.70    -0.04150159
46589.80    -0.03834800
46589.90    -0.16221991
46590.00    -0.10056580
46590.10    -0.08863559
46590.20    -0.06261408
46590.30    -0.08778629
46590.40    -0.04375567
46590.50    -0.07156458
46590.60    -0.06146349
46590.70    -0.06094512
46590.80    -0.02907388
46590.90    -0.03471311
46591.00    -0.00100380
46591.10     0.03373142
46591.20    -0.09790055
46591.30    -0.03339103
46591.40    -0.02462731
46591.50    -0.06235573
46591.60     0.04335002
46591.70     0.12962262
46591.80     0.12330696
46591.90    -0.00827365
46592.00    -0.08759906
46592.10    -0.02534029
46592.20     0.00229941
46592.30     0.02973737
46592.40    -0.00749304
46592.50    -0.06801762
46592.60    -0.01560300
46592.70    -0.09893024
46592.80    -0.03511552
46592.90    -0.02772942
46593.00    -0.01232816
46593.10     0.02839822
46593.20    -0.02296213
46593.30    -0.00284629
46593.40    -0.08620604
46593.50     0.01517392
46593.60     0.00379941
46593.70     0.00488950
46593.80    -0.01511115
46593.90     0.02010639
46594.00    -0.01668502
46594.10    -0.06083249
46594.20    -0.07009637
46594.30    -0.00495142
46594.40     0.02800078
46594.50     0.00438408
46594.60     0.06683677
46594.70    -0.04489066
46594.80     0.02115132
46594.90     0.01974912
46595.00    -0.03083124
46595.10     0.00825493
46595.20    -0.04086440
46595.30     0.08533680
46595.40     0.07972792
46595.50     0.01547365
46595.60     0.02723832
46595.70     0.00264493
46595.80    -0.03669551
46595.90    -0.01595249
46596.00     0.05674149
46596.10     0.08668002
46596.20     0.07425581
46596.30     0.14645937
46596.40     0.15299931
46596.50     0.11199277
46596.60     0.03466071
46596.70     0.04079510
46596.80     0.04580764
46596.90     0.06982201
46597.00     0.09443504
46597.10     0.11464828
46597.20     0.07954729
46597.30     0.12195602
46597.40     0.00865050
46597.50     0.14229408
46597.60     0.25444916
46597.70     0.16021550
46597.80     0.05270148
46597.90     0.14158787
46598.00     0.23337981
46598.10     0.23759209
46598.20     0.11134539
46598.30     0.08851435
46598.40     0.21908124
46598.50     0.13506347
46598.60     0.19061047
46598.70     0.11093276
46598.80     0.07514606
46598.90     0.20535374
46599.00     0.21276882
46599.10     0.16126385
46599.20     0.13282417
46599.30     0.30409867
46599.40     0.31710255
46599.50     0.17005126
46599.60     0.08586374
46599.70     0.02472881
46599.80     0.35720530
46599.90     0.28031841
46600.00     0.16177098
46600.10     0.20101225
46600.20     0.31564555
46600.30     0.22789396
46600.40    -0.02310234
46600.50     0.31571805
46600.60     0.24952471
46600.70     0.29567531
46600.80     0.17705311
46600.90     0.19127640
46601.00     0.23543297
46601.10     0.29963908
46601.20     0.24138589
46601.30     0.20284790
46601.40     0.25548920
46601.50     0.29870915
46601.60     0.19741230
46601.70     0.27333760
46601.80     0.05109196
46601.90     0.03623816
46602.00     0.39476341
46602.10     0.35183746
46602.20     0.17567696
46602.30     0.27622476
46602.40     0.32282519
46602.50    -0.00911629
46602.60     0.38096446
46602.70     0.24458721
46602.80     0.42713407
46602.90     0.21072975
46603.00     0.28047851
46603.10     0.18892694
46603.20     0.43336299
46603.30     0.18818477
46603.40     0.07966550
46603.50     0.15940602
46603.60     0.33656529
46603.70     0.30784649
46603.80     0.36009362
46603.90     0.14298540
46604.00     0.16559842
46604.10    -0.00774328
46604.20     0.18867725
46604.30     0.01968522
46604.40     0.19802599
46604.50     0.09970897
46604.60     0.05415375
46604.70     0.24642859
46604.80     0.06680836
46604.90     0.09619647
46605.00     0.22170980
46605.10     0.24350064
46605.20     0.13448969
46605.30     0.17123714
46605.40     0.06630404
46605.50     0.00199922
46605.60    -0.18035291
46605.70    -0.01774088
46605.80    -0.01889551
46605.90     0.08773171
46606.00     0.07805866
46606.10     0.22028691
46606.20     0.16414417
46606.30    -0.04911688
46606.40    -0.10327438
46606.50     0.01298688
46606.60     0.20686804
46606.70    -0.09359045
46606.80    -0.01059237
46606.90    -0.01445632
46607.00     0.00785450
46607.10     0.01222803
46607.20    -0.05090652
46607.30    -0.05908532
46607.40    -0.00777493
46607.50    -0.16954055
46607.60    -0.06095482
46607.70    -0.04043414
46607.80    -0.04737445
46607.90    -0.03567274
46608.00    -0.00898805
46608.10    -0.01572296
46608.20     0.02723964
46608.30     0.10875318
46608.40     0.01003183
46608.50    -0.14393890
46608.60    -0.11118031
46608.70    -0.01855733
46608.80    -0.01928212
46608.90    -0.01249925
46609.00    -0.09389459
46609.10     0.08421005
46609.20     0.03740752
46609.30     0.05628617
46609.40     0.03935141
46609.50     0.00500545
46609.60     0.04526449
46609.70    -0.03108265
46609.80     0.01725139
46609.90     0.04159250
46610.00    -0.05640544
46610.10    -0.18955439
46610.20    -0.15855385
46610.30     0.10675894
46610.40     0.03387395
46610.50    -0.13213243
46610.60     0.07456191
46610.70    -0.05821673
46610.80     0.00424855
46610.90    -0.08773445
46611.00    -0.22691491
46611.10    -0.23185800
46611.20    -0.12578526
46611.30    -0.17734340
46611.40    -0.25807193
46611.50    -0.21511875
46611.60     0.05559484
46611.70    -0.03810954
46611.80    -0.19551560
46611.90    -0.09815717
46612.00    -0.04895808
46612.10    -0.00179105
46612.20    -0.16146418
46612.30    -0.09194520
46612.40    -0.00977399
46612.50    -0.05782242
46612.60     0.00367390
46612.70    -0.03194163
46612.80    -0.15655328
46612.90    -0.16540465
46613.00    -0.11075842
46613.10    -0.12758978
46613.20    -0.17000246
46613.30    -0.13915880
46613.40    -0.04958803
46613.50    -0.09713251
46613.60     0.03331469
46613.70     0.09771486
46613.80     0.20828922
46613.90     0.20380701
46614.00     0.16404000
46614.10     0.07081069
46614.20     0.04470609
46614.30     0.03055368
46614.40     0.06059033
46614.50     0.03098487
46614.60    -0.04505182
46614.70    -0.07340968
46614.80     0.00867233
46614.90    -0.13474408
46615.00    -0.23310862
46615.10    -0.16298857
46615.20    -0.13508500
46615.30    -0.15120582
46615.40    -0.14437360
46615.50    -0.20462239
46615.60    -0.12297902
46615.70    -0.16845404
46615.80    -0.09105691
46615.90    -0.11242177
46616.00    -0.01013451
46616.10    -0.05701286
46616.20    -0.20889121
46616.30    -0.02206785
46616.40     0.04349334
46616.50     0.03203260
46616.60    -0.01207553
46616.70     0.10961600
46616.80     0.06061370
46616.90    -0.01045730
46617.00     0.07736624
46617.10     0.07412781
46617.20    -0.06420791
46617.30     0.00383159
46617.40    -0.12176462
46617.50    -0.01449028
46617.60    -0.04903592
46617.70     0.04995623
46617.80    -0.10411073
46617.90     0.10384045
46618.00    -0.10623682
46618.10    -0.13223080
46618.20    -0.01191014
46618.30    -0.05710525
46618.40    -0.08612140
46618.50    -0.07870375
46618.60    -0.21184358
46618.70    -0.11544558
46618.80     0.01596901
46618.90    -0.08659710
46619.00     0.05758495
46619.10     0.03582297
46619.20     0.04001656
46619.30    -0.15778001
46619.40     0.13968559
46619.50    -0.00442622
46619.60     0.08944706
46619.70     0.07291270
46619.80    -0.12407625
46619.90    -0.05316364
46620.00     0.08916450
46620.10     0.09031303
46620.20     0.06674115
46620.30     0.11973009
46620.40     0.07817893
46620.50     0.02180834
46620.60    -0.01737003
46620.70    -0.04585172
46620.80     0.02303976
46620.90     0.05589858
46621.00    -0.15834838
46621.10     0.05394741
46621.20     0.02506412
46621.30    -0.04876483
46621.40    -0.01810988
46621.50     0.11905605
46621.60     0.03545167
46621.70    -0.07725367
46621.80     0.09654057
46621.90    -0.01287544
46622.00     0.21988067
46622.10     0.18211766
46622.20     0.24359983
46622.30     0.07943672
46622.40    -0.16549151
46622.50     0.08106270
46622.60     0.56779325
46622.70     0.09505802
46622.80    -0.01246038
46622.90     0.08035178
46623.00     0.05961100
46623.10     0.11442382
46623.20    -0.02205229
46623.30    -0.05787949
46623.40     0.34117657
46623.50     0.19810504
46623.60     0.25333664
46623.70     0.21589676
46623.80     0.26772976
46623.90     0.17644209
46624.00     0.25370413
46624.10     0.24101412
46624.20     0.30338746
46624.30     0.34708077
46624.40     0.30274943
46624.50     0.24454935
46624.60     0.38848504
46624.70     0.30937505
46624.80     0.28746939
46624.90     0.29264927
46625.00     0.32086754
46625.10     0.24430326
46625.20     0.26647070
46625.30     0.27556351
46625.40     0.10128118
46625.50     0.15745851
46625.60     0.40459844
46625.70     0.50748354
46625.80     0.39043045
46625.90     0.37053689
46626.00     0.39954185
46626.10     0.56514335
46626.20     0.54796851
46626.30     0.43737063
46626.40     0.38829359
46626.50     0.25554803
46626.60     0.41495416
46626.70     0.24372539
46626.80     0.37606820
46626.90     0.37716985
46627.00     0.48071855
46627.10     0.67929059
46627.20     0.61920923
46627.30     0.56693625
46627.40     0.32582644
46627.50     0.41889402
46627.60     0.49328801
46627.70     0.34009361
46627.80     0.49273908
46627.90     0.59188104
46628.00     0.53634071
46628.10     0.45752630
46628.20     0.43827567
46628.30     0.32202649
46628.40     0.41079473
46628.50     0.35594562
46628.60     0.45449820
46628.70     0.91768664
46628.80     0.90513813
46628.90     0.62153971
46629.00     0.61738557
46629.10     0.64758891
46629.20     0.68589348
46629.30     0.67716098
46629.40     0.59273088
46629.50     0.60916531
46629.60     0.62465179
46629.70     0.69680530
46629.80     0.67408091
46629.90     0.61633056
46630.00     0.65029049
46630.10     0.74533367
46630.20     0.75845343
46630.30     0.63888758
46630.40     0.62392658
46630.50     0.60197449
46630.60     0.50703847
46630.70     0.60171491
46630.80     0.62269080
46630.90     0.68006724
46631.00     0.66789991
46631.10     0.68040812
46631.20     0.72061288
46631.30     0.60770005
46631.40     0.62106597
46631.50     0.67769742
46631.60     0.65716153
46631.70     0.67361540
46631.80     0.70648187
46631.90     0.69290811
46632.00     0.67402786
46632.10     0.71477020
46632.20     0.66193318
46632.30     0.56377983
46632.40     0.53784466
46632.50     0.39317855
46632.60     0.65633965
46632.70     0.63258433
46632.80     0.64867961
46632.90     0.55693752
46633.00     0.58229005
46633.10     0.56998873
46633.20     0.52646959
46633.30     0.55254197
46633.40     0.52801585
46633.50     0.56321067
46633.60     0.56617552
46633.70     0.57726014
46633.80     0.53928250
46633.90     0.53514802
46634.00     0.52784681
46634.10     0.47961354
46634.20     0.43309209
46634.30     0.47893858
46634.40     0.37882313
46634.50     0.44180948
46634.60     0.43970972
46634.70     0.44212192
46634.80     0.47540486
46634.90     0.48292667
46635.00     0.43456325
46635.10     0.37982616
46635.20     0.39293414
46635.30     0.33161455
46635.40     0.33839956
46635.50     0.38873279
46635.60     0.35494044
46635.70     0.27667207
46635.80     0.22994354
46635.90     0.31410941
46636.00     0.30882546
46636.10     0.23657770
46636.20     0.19898702
46636.30     0.17510951
46636.40     0.17614196
46636.50     0.09787882
46636.60     0.11428697
46636.70     0.10043174
46636.80    -0.02733196
46636.90    -0.01334669
46637.00     0.05204377
46637.10    -0.10944397
46637.20     0.00484070
46637.30    -0.11788788
46637.40    -0.08150104
46637.50    -0.04910893
46637.60    -0.12735300
46637.70    -0.11568666
46637.80    -0.08358622
46637.90    -0.20297326
46638.00    -0.15885864
46638.10    -0.24065346
46638.20    -0.31946197
46638.30    -0.16997519
46638.40    -0.21340592
46638.50    -0.19454829
46638.60    -0.26636088
46638.70    -0.22005585
46638.80    -0.27324226
46638.90    -0.18862340
46639.00    -0.27877688
46639.10    -0.37464362
46639.20    -0.44870642
46639.30    -0.42656803
46639.40    -0.39777523
46639.50    -0.41492960
46639.60    -0.53141284
46639.70    -0.52267319
46639.80    -0.54288477
46639.90    -0.72069871
46640.00    -0.73460048
46640.10    -0.74977499
46640.20    -0.59715420
46640.30    -0.60891271
46640.40    -0.63017744
46640.50    -0.77196038
46640.60    -0.73068875
46640.70    -0.68994111
46640.80    -0.76699322
46640.90    -0.73913199
46641.00    -0.83924979
46641.10    -0.71544766
46641.20    -0.61203384
46641.30    -0.68432283
46641.40    -0.66228241
46641.50    -0.62043250
46641.60    -0.54377043
46641.70    -0.55677509
46641.80    -0.56640983
46641.90    -0.57251477
46642.00    -0.45355472
46642.10    -0.66350186
46642.20    -0.45965663
46642.30    -0.58991688
46642.40    -0.77153200
46642.50    -0.55246037
46642.60    -0.52286732
46642.70    -0.58921021
46642.80    -0.57146180
46642.90    -0.47334269
46643.00    -0.76553547
46643.10    -0.36097053
46643.20    -0.23635708
46643.30    -0.51713681
46643.40    -0.47614741
46643.50    -0.47436827
46643.60    -0.42235458
46643.70    -0.38990465
46643.80    -0.34639671
46643.90    -0.29455587
46644.00    -0.25088227
46644.10    -0.23969835
46644.20    -0.21772675
46644.30    -0.25569782
46644.40    -0.17833968
46644.50    -0.17093804
46644.60    -0.06753340
46644.70    -0.29665884
46644.80    -0.19228168
46644.90    -0.22860704
46645.00    -0.21052112
46645.10    -0.18520129
46645.20    -0.26478356
46645.30    -0.15713722
46645.40    -0.19987990
46645.50    -0.28167436
46645.60    -0.20425206
46645.70    -0.27195048
46645.80    -0.28117216
46645.90    -0.24128188
46646.00    -0.22847077
46646.10    -0.21293609
46646.20    -0.17923260
46646.30    -0.04596540
46646.40     0.01410126
46646.50    -0.14792675
46646.60     0.03555542
46646.70     0.02901613
46646.80    -0.12431010
46646.90    -0.15934101
46647.00    -0.18078710
46647.10    -0.04793101
46647.20    -0.06458170
46647.30    -0.06812382
46647.40    -0.02066112
46647.50    -0.00727858
46647.60    -0.10554089
46647.70     0.00250342
46647.80    -0.03756928
46647.90    -0.00333671
46648.00    -0.02147215
46648.10    -0.07230654
46648.20     0.09165805
46648.30     0.12699352
46648.40     0.13964784
46648.50     0.13246654
46648.60     0.19028102
46648.70     0.19861144
46648.80     0.18154785
46648.90     0.16582841
46649.00     0.05539018
46649.10     0.14643531
46649.20     0.27974793
46649.30     0.30308828
46649.40     0.30550095
46649.50     0.36901602
46649.60     0.20343043
46649.70     0.15333028
46649.80     0.38687274
46649.90     0.41757411
46650.00     0.37158215
46650.10     0.37154827
46650.20     0.36530176
46650.30     0.38785946
46650.40     0.40518391
46650.50     0.39201909
46650.60     0.42895779
46650.70     0.44710958
46650.80     0.42248863
46650.90     0.43055335
46651.00     0.34628990
46651.10     0.10281367
46651.20     0.40400994
46651.30     0.26499531
46651.40     0.28026289
46651.50     0.43751189
46651.60     0.29727235
46651.70     0.41033775
46651.80     0.21138799
46651.90     0.28255531
46652.00     0.34145889
46652.10     0.48047209
46652.20     0.48238736
46652.30     0.29278317
46652.40     0.29109842
46652.50     0.36562204
46652.60     0.33376175
46652.70     0.42565271
46652.80     0.33371776
46652.90     0.28914374
46653.00     0.33591899
46653.10     0.31263334
46653.20     0.33035892
46653.30     0.24699740
46653.40     0.34671819
46653.50     0.36143142
46653.60     0.47353315
46653.70     0.39414814
46653.80     0.32102761
46653.90     0.41325206
46654.00     0.29911083
46654.10     0.25475478
46654.20     0.45809332
46654.30     0.30531600
46654.40     0.40204462
46654.50     0.40191600
46654.60     0.30542457
46654.70     0.43700206
46654.80     0.41383472
46654.90     0.38148060
46655.00     0.21828853
46655.10     0.47220987
46655.20     0.33934373
46655.30     0.32768032
46655.40     0.15378100
46655.50     0.26618069
46655.60     0.09602198
46655.70     0.22204451
46655.80     0.25061771
46655.90     0.22383560
46656.00     0.27423525
46656.10     0.32591265
46656.20     0.32806370
46656.30     0.30474272
46656.40     0.48247203
46656.50     0.52590221
46656.60     0.26276445
46656.70     0.37153885
46656.80     0.27506045
46656.90     0.26334050
46657.00     0.36699584
46657.10     0.46733573
46657.20     0.29452541
46657.30     0.33889258
46657.40     0.31350797
46657.50     0.37184823
46657.60     0.23160604
46657.70     0.43377200
46657.80     0.40088761
46657.90     0.38295755
46658.00     0.69724441
46658.10     0.45998484
46658.20     0.31553945
46658.30     0.36949581
46658.40     0.47402129
46658.50     0.39335537
46658.60     0.34581348
46658.70     0.34378320
46658.80     0.34231353
46658.90     0.26545691
46659.00     0.36670303
46659.10     0.38613930
46659.20     0.37084660
46659.30     0.27915657
46659.40     0.25209647
46659.50     0.21165760
46659.60     0.33832905
46659.70     0.26412275
46659.80     0.23510569
46659.90     0.23511755
46660.00     0.18245690
46660.10     0.19125453
46660.20     0.16290519
46660.30     0.38475576
46660.40     0.19374642
46660.50     0.25227898
46660.60     0.35525161
46660.70     0.27881092
46660.80     0.50400269
46660.90     0.24881722
46661.00     0.20614746
46661.10     0.11077099
46661.20     0.09398662
46661.30     0.12024771
46661.40     0.22000562
46661.50     0.25381124
46661.60     0.28827679
46661.70     0.20770785
46661.80     0.33128744
46661.90     0.33972627
46662.00     0.31125635
46662.10     0.20188032
46662.20     0.24135832
46662.30     0.01856748
46662.40    -0.04551250
46662.50     0.10641539
46662.60     0.03477306
46662.70     0.37290230
46662.80     0.41607553
46662.90     0.33841795
46663.00     0.31935766
46663.10     0.31487995
46663.20     0.35405755
46663.30     0.19119120
46663.40     0.23505719
46663.50     0.21986263
46663.60     0.25089052
46663.70     0.25110972
46663.80     0.12116919
46663.90     0.21654674
46664.00     0.24530028
46664.10     0.25195640
46664.20     0.04726728
46664.30     0.25434232
46664.40     0.27852958
46664.50     0.07060294
46664.60     0.10029183
46664.70     0.17392261
46664.80     0.19878957
46664.90     0.29627460
46665.00     0.24506071
46665.10     0.14274231
46665.20     0.06190247
46665.30     0.12901321
46665.40     0.00137488
46665.50    -0.04251906
46665.60    -0.05033024
46665.70     0.08710569
46665.80     0.15093425
46665.90     0.18388467
46666.00     0.17072803
46666.10    -0.02342178
46666.20     0.24717368
46666.30     0.21293762
46666.40     0.04164128
46666.50    -0.04619316
46666.60     0.27953011
46666.70     0.19802535
46666.80     0.00526552
46666.90     0.06585031
46667.00     0.03259913
46667.10     0.04007892
46667.20     0.03877938
46667.30     0.02423140
46667.40    -0.04909224
46667.50    -0.18831292
46667.60    -0.22172174
46667.70    -0.18904485
46667.80    -0.05872561
46667.90    -0.06149207
46668.00    -0.06715652
46668.10    -0.04998272
46668.20     0.08136331
46668.30     0.05300919
46668.40    -0.08327132
46668.50     0.04124617
46668.60    -0.13479307
46668.70    -0.03517222
46668.80     0.04528265
46668.90     0.12350532
46669.00     0.08585427
46669.10     0.04490668
46669.20    -0.05912100
46669.30    -0.12438361
46669.40    -0.23875810
46669.50    -0.08258979
46669.60    -0.00222210
46669.70    -0.02548092
46669.80    -0.08777491
46669.90    -0.15925029
46670.00    -0.20836416
46670.10    -0.30908731
46670.20    -0.14261375
46670.30    -0.12788484
46670.40    -0.11239406
46670.50    -0.29739600
46670.60    -0.10927534
46670.70    -0.25111070
46670.80    -0.27718011
46670.90    -0.12520047
46671.00    -0.23982219
46671.10     0.05446444
46671.20    -0.05405745
46671.30     0.16046222
46671.40    -0.05136338
46671.50     0.07349955
46671.60     0.05677909
46671.70     0.02055934
46671.80    -0.06175194
46671.90    -0.12976512
46672.00    -0.12819619
46672.10    -0.00283126
46672.20    -0.13467650
46672.30    -0.08795597
46672.40    -0.12295511
46672.50     0.01006701
46672.60    -0.09015974
46672.70    -0.09564680
46672.80    -0.01429052
46672.90     0.06893452
46673.00     0.01806683
46673.10     0.01936177
46673.20    -0.05258628
46673.30    -0.09383848
46673.40    -0.06782012
46673.50    -0.06180016
46673.60    -0.03482158
46673.70    -0.08218435
46673.80    -0.09435299
46673.90    -0.11216717
46674.00    -0.13063884
46674.10    -0.24521381
46674.20    -0.21584556
46674.30    -0.21122304
46674.40    -0.28142548
46674.50    -0.29904369
46674.60    -0.30777922
46674.70    -0.29802141
46674.80    -0.31996703
46674.90    -0.24431492
46675.00    -0.29504794
46675.10    -0.19716722
46675.20    -0.15036319
46675.30    -0.16222425
46675.40    -0.32146963
46675.50    -0.20001681
46675.60    -0.11477520
46675.70     0.07900663
46675.80     0.00959902
46675.90    -0.18398413
46676.00     0.05622101
46676.10    -0.02391576
46676.20    -0.16019306
46676.30    -0.18852790
46676.40    -0.03201216
46676.50    -0.10212309
46676.60    -0.33746925
46676.70    -0.21339908
46676.80    -0.11584349
46676.90    -0.12885363
46677.00    -0.12519810
46677.10    -0.12115303
46677.20     0.03436850
46677.30    -0.05881927
46677.40    -0.16374020
46677.50    -0.00191225
46677.60    -0.25851098
46677.70    -0.39099288
46677.80    -0.11949241
46677.90    -0.17596760
46678.00    -0.08885461
46678.10    -0.13531436
46678.20    -0.08651175
46678.30    -0.01295471
46678.40    -0.06323380
46678.50    -0.06381731
46678.60    -0.08302345
46678.70    -0.16965024
46678.80    -0.08199509
46678.90    -0.12632310
46679.00     0.01088584
46679.10    -0.00100329
46679.20    -0.19323097
46679.30    -0.14361170
46679.40    -0.14308962
46679.50    -0.05416068
46679.60    -0.00909895
46679.70    -0.02031988
46679.80    -0.02879777
46679.90    -0.02435417
46680.00    -0.01910024
46680.10    -0.04514437
46680.20     0.12182057
46680.30     0.25618327
46680.40    -0.06190979
46680.50    -0.04177164
46680.60    -0.18032780
46680.70    -0.17730108
46680.80    -0.20441966
46680.90    -0.25584477
46681.00    -0.22478268
46681.10    -0.16547172
46681.20    -0.20953965
46681.30    -0.06451262
46681.40    -0.19468454
46681.50    -0.18437321
46681.60    -0.21444680
46681.70    -0.18926677
46681.80    -0.18687223
46681.90    -0.20102295
46682.00    -0.40864658
46682.10    -0.24708407
46682.20    -0.12446105
46682.30    -0.15568571
46682.40    -0.27907965
46682.50    -0.15481076
46682.60    -0.23326975
46682.70    -0.19548850
46682.80    -0.26905558
46682.90    -0.29573250
46683.00    -0.19395179
46683.10    -0.22491816
46683.20    -0.26252282
46683.30    -0.25288391
46683.40    -0.17875037
46683.50    -0.27899310
46683.60    -0.21946591
46683.70    -0.19812214
46683.80    -0.17318195
46683.90    -0.14939795
46684.00    -0.09064352
46684.10    -0.15186292
46684.20    -0.17253974
46684.30    -0.10404222
46684.40    -0.14536494
46684.50    -0.08432086
46684.60    -0.10835806
46684.70    -0.13675620
46684.80    -0.01403139
46684.90    -0.07383329
46685.00    -0.05879667
46685.10    -0.07207315
46685.20    -0.18909916
46685.30     0.00513032
46685.40    -0.08630876
46685.50     0.00439536
46685.60     0.04231329
46685.70     0.00032193
46685.80     0.00388149
46685.90     0.03314875
46686.00    -0.01033142
46686.10    -0.09031487
46686.20    -0.01043117
46686.30     0.00436831
46686.40    -0.20286639
46686.50     0.00148800
46686.60    -0.05889169
46686.70    -0.07202958
46686.80    -0.01628186
46686.90    -0.02903625
46687.00     0.07959608
46687.10     0.05579920
46687.20     0.12827711
46687.30     0.03515467
46687.40     0.05002778
46687.50     0.00603721
46687.60     0.10950803
46687.70     0.02565672
46687.80     0.03506936
46687.90     0.05348365
46688.00     0.05645495
46688.10     0.06536828
46688.20     0.23225419
46688.30     0.05463731
46688.40     0.13869041
46688.50     0.05581580
46688.60     0.11258724
46688.70     0.03510709
46688.80     0.12987205
46688.90     0.04395657
46689.00     0.11317369
46689.10     0.10065545
46689.20     0.10764767
46689.30    -0.01796625
46689.40     0.20119867
46689.50    -0.00573406
46689.60    -0.06383977
46689.70     0.01005038
46689.80    -0.03820979
46689.90    -0.14063415
46690.00    -0.00918678
46690.10    -0.07532579
46690.20    -0.00735071
46690.30    -0.08990287
46690.40    -0.12419534
46690.50    -0.12215555
46690.60    -0.12130699
46690.70    -0.09771852
46690.80    -0.13846290
46690.90    -0.03782177
46691.00    -0.16031408
46691.10    -0.08051705
46691.20    -0.15322390
46691.30    -0.14489409
46691.40    -0.22322555
46691.50    -0.21731012
46691.60    -0.16918412
46691.70    -0.28231397
46691.80    -0.16066372
46691.90    -0.15910573
46692.00    -0.23690946
46692.10    -0.06460968
46692.20    -0.14634024
46692.30     0.01485822
46692.40    -0.11243269
46692.50    -0.22581485
46692.60    -0.00737825
46692.70    -0.13542704
46692.80    -0.09941684
46692.90    -0.07633635
46693.00    -0.16522539
46693.10    -0.04409936
46693.20    -0.01430980
46693.30     0.02602576
46693.40     0.01782032
46693.50     0.03719858
46693.60    -0.05761036
46693.70     0.02711729
46693.80     0.00760595
46693.90     0.03727692
46694.00    -0.09861236
46694.10     0.11488005
46694.20     0.23429944
46694.30     0.14555441
46694.40     0.15236530
46694.50     0.17134450
46694.60    -0.08215068
46694.70     0.07359621
46694.80     0.30933622
46694.90     0.07139892
46695.00     0.12239882
46695.10     0.20721412
46695.20     0.22025153
46695.30     0.26117140
46695.40     0.21747844
46695.50     0.19383982
46695.60     0.22213416
46695.70     0.05517178
46695.80     0.08642422
46695.90    -0.02309817
46696.00     0.00520097
46696.10    -0.09458232
46696.20    -0.11127664
46696.30    -0.04274658
46696.40     0.03267113
46696.50    -0.11421227
46696.60    -0.03085748
46696.70     0.00375026
46696.80     0.06987368
46696.90    -0.05612408
46697.00     0.01025482
46697.10    -0.00437099
46697.20    -0.05930453
46697.30    -0.03305094
46697.40    -0.02246253
46697.50     0.16657536
46697.60     0.00855760
46697.70     0.14432709
46697.80     0.03665765
46697.90     0.15410684
46698.00    -0.01057578
46698.10    -0.07027117
46698.20    -0.05317141
46698.30     0.08823549
46698.40     0.10288499
46698.50     0.21615578
46698.60     0.12655520
46698.70     0.17734727
46698.80     0.18089606
46698.90     0.34561318
46699.00     0.21288168
46699.10     0.15008727
46699.20     0.09541320
46699.30     0.19856130
46699.40     0.25199953
46699.50     0.22238021
46699.60     0.23455867
46699.70     0.20078230
46699.80     0.13208865
46699.90     0.18578584
46700.00     0.06548417
46700.10     0.15309653
46700.20     0.19647314
46700.30     0.20183252
46700.40     0.08271100
46700.50     0.25168091
46700.60     0.26258895
46700.70     0.25860265
46700.80     0.06762062
46700.90     0.15882228
46701.00     0.21514639
46701.10     0.17500609
46701.20     0.18547510
46701.30     0.11999907
46701.40     0.13749205
46701.50     0.15342106
46701.60     0.15156391
46701.70     0.21239051
46701.80     0.13424569
46701.90     0.17378916
46702.00     0.15486513
46702.10     0.29645252
46702.20     0.11159270
46702.30     0.22809054
46702.40     0.22078055
46702.50     0.28393513
46702.60     0.22089829
46702.70     0.35468936
46702.80     0.21956520
46702.90     0.14057067
46703.00     0.35321757
46703.10     0.20491838
46703.20     0.19462003
46703.30     0.25941345
46703.40     0.20013301
46703.50     0.27689582
46703.60     0.23511279
46703.70     0.09094862
46703.80     0.13228013
46703.90     0.13970987
46704.00     0.25456172
46704.10     0.06083835
46704.20     0.27473474
46704.30     0.24891053
46704.40     0.16406503
46704.50     0.18841217
46704.60     0.20540997
46704.70     0.16814849
46704.80     0.10476093
46704.90     0.10454918
46705.00     0.04532979
46705.10     0.04776143
46705.20     0.13755359
46705.30     0.00436527
46705.40    -0.04386267
46705.50    -0.03161192
46705.60    -0.11878950
46705.70    -0.08071150
46705.80    -0.02925178
46705.90    -0.00786462
46706.00    -0.01129526
46706.10    -0.01673996
46706.20    -0.03506564
46706.30    -0.08803111
46706.40     0.01918727
46706.50    -0.02876962
46706.60    -0.02599059
46706.70     0.08560524
46706.80     0.00328151
46706.90     0.04210532
46707.00     0.06530755
46707.10     0.02500509
46707.20     0.05273516
46707.30     0.05025324
46707.40     0.03916060
46707.50     0.00642092
46707.60     0.00025221
46707.70     0.16233924
46707.80     0.01902441
46707.90     0.03765180
46708.00     0.01385083
46708.10     0.01900674
46708.20     0.03435336
46708.30     0.00376978
46708.40    -0.03438731
46708.50    -0.08022043
46708.60     0.04055743
46708.70    -0.04592641
46708.80     0.01067334
46708.90     0.04774219
46709.00    -0.05288012
46709.10    -0.00109204
46709.20     0.00641273
46709.30    -0.05586606
46709.40    -0.06605372
46709.50     0.06112565
46709.60     0.00714117
46709.70     0.04947300
46709.80     0.04846454
46709.90     0.03229460
46710.00     0.09956337
46710.10     0.04972143
46710.20     0.13370565
46710.30     0.15194477
46710.40     0.06307487
46710.50     0.05626949
46710.60     0.03818254
46710.70     0.01144641
46710.80     0.01816669
46710.90     0.01706063
46711.00    -0.07151901
46711.10    -0.07083006
46711.20    -0.07513937
46711.30    -0.00159705
46711.40     0.10809535
46711.50     0.04697904
46711.60    -0.06011455
46711.70     0.05502273
46711.80     0.00855348
46711.90     0.03031817
46712.00    -0.01503155
46712.10    -0.01640851
46712.20    -0.07286271
46712.30    -0.04283071
46712.40    -0.09674065
46712.50     0.00944893
46712.60    -0.03694730
46712.70    -0.08439282
46712.80    -0.09598407
46712.90    -0.04525616
46713.00    -0.07490609
46713.10    -0.05088779
46713.20     0.01416277
46713.30    -0.05115442
46713.40     0.06440562
46713.50     0.07616628
46713.60     0.10540380
46713.70     0.06311157
46713.80     0.04016447
46713.90     0.01156416
46714.00    -0.07176529
46714.10    -0.03391684
46714.20     0.03256669
46714.30    -0.09533522
46714.40     0.08446366
46714.50     0.03724628
46714.60    -0.06479534
46714.70     0.01604919
46714.80    -0.02931706
46714.90    -0.03498457
46715.00    -0.19327681
46715.10    -0.00511485
46715.20     0.02233578
46715.30    -0.01033551
46715.40    -0.02614617
46715.50    -0.07800423
46715.60    -0.02524710
46715.70    -0.04673859
46715.80     0.03359101
46715.90     0.02857946
46716.00     0.03551144
46716.10    -0.08567110
46716.20    -0.13209668
46716.30    -0.03850411
46716.40     0.10231557
46716.50    -0.08512710
46716.60     0.01361225
46716.70    -0.08467232
46716.80    -0.04363321
46716.90    -0.00981424
46717.00    -0.09243853
46717.10    -0.04745369
46717.20    -0.01011115
46717.30    -0.00048394
46717.40     0.01137199
46717.50    -0.02237374
46717.60     0.04087793
46717.70     0.04449574
46717.80     0.03815323
46717.90     0.03586920
46718.00     0.06961889
46718.10     0.06670465
46718.20     0.02539581
46718.30    -0.08129536
46718.40    -0.06564043
46718.50    -0.06018815
46718.60     0.02686771
46718.70     0.06033830
46718.80     0.02768550
46718.90     0.02420221
46719.00     0.09351601
46719.10     0.03239411
46719.20     0.02978741
46719.30     0.04148065
46719.40     0.02696919
46719.50     0.07337658
46719.60     0.04245713
46719.70     0.03979513
46719.80    -0.03216678
46719.90     0.06860479
46720.00     0.04692889
46720.10     0.04951627
46720.20    -0.02540362
46720.30     0.01773481
46720.40     0.04212508
46720.50     0.00834847
46720.60     0.01832414
46720.70    -0.00871781
46720.80    -0.04253237
46720.90    -0.15047894
46721.00    -0.05554433
46721.10    -0.03502490
46721.20    -0.05011793
46721.30     0.00569343
46721.40     0.01695623
46721.50    -0.05147544
46721.60    -0.03216094
46721.70    -0.01503827
46721.80    -0.04390815
46721.90    -0.04583204
46722.00    -0.00947782
46722.10    -0.05369437
46722.20    -0.02677887
46722.30    -0.12993674
46722.40    -0.03039409
46722.50     0.01526613
46722.60     0.02661799
46722.70    -0.03823466
46722.80    -0.00957573
46722.90     0.01236848
46723.00    -0.04315226
46723.10    -0.03903983
46723.20    -0.04303615
46723.30     0.08069349
46723.40     0.08277888
46723.50    -0.04070933
46723.60    -0.04083264
46723.70    -0.09076843
46723.80    -0.12015599
46723.90    -0.08598611
46724.00    -0.08049552
46724.10    -0.12840150
46724.20    -0.14223158
46724.30    -0.13573033
46724.40    -0.02170066
46724.50    -0.02369958
46724.60     0.06505553
46724.70    -0.10418232
46724.80    -0.08624778
46724.90    -0.11184527
46725.00    -0.16956566
46725.10    -0.09035262
46725.20    -0.07384691
46725.30    -0.25455096
46725.40    -0.18685520
46725.50    -0.17273682
46725.60    -0.28331265
46725.70    -0.25289768
46725.80    -0.26169330
46725.90    -0.38220111
46726.00    -0.23924018
46726.10    -0.29049495
46726.20    -0.32463312
46726.30    -0.28035468
46726.40    -0.24644803
46726.50    -0.20914619
46726.60    -0.22441725
46726.70    -0.27852187
46726.80    -0.20136216
46726.90    -0.22689001
46727.00    -0.21504991
46727.10    -0.14324433
46727.20    -0.16019036
46727.30    -0.22660434
46727.40    -0.12634714
46727.50    -0.12149456
46727.60    -0.25270838
46727.70    -0.26290119
46727.80    -0.29549873
46727.90    -0.20428817
46728.00    -0.24593335
46728.10    -0.22202818
46728.20    -0.23720545
46728.30    -0.12096215
46728.40    -0.25205907
46728.50    -0.23008275
46728.60    -0.22456773
46728.70    -0.22796066
46728.80    -0.28137410
46728.90    -0.24820833
46729.00    -0.23425026
46729.10    -0.24076234
46729.20    -0.19468123
46729.30    -0.21285079
46729.40    -0.21820377
46729.50    -0.25960749
46729.60    -0.20096144
46729.70    -0.16109826
46729.80    -0.11966348
46729.90    -0.17646755
46730.00    -0.09913895
46730.10    -0.15114003
46730.20    -0.18190983
46730.30    -0.21081005
46730.40    -0.17528801
46730.50    -0.16105935
46730.60    -0.19286636
46730.70    -0.19965364
46730.80    -0.22952667
46730.90    -0.22391020
46731.00    -0.16337670
46731.10    -0.26711524
46731.20    -0.19015987
46731.30    -0.23651832
46731.40    -0.09992930
46731.50    -0.15010074
46731.60    -0.20256867
46731.70    -0.14401554
46731.80    -0.12300303
46731.90    -0.13718082
46732.00    -0.16288579
46732.10    -0.10908653
46732.20    -0.08160761
46732.30    -0.19708787
46732.40    -0.20664975
46732.50    -0.22686201
46732.60    -0.14603725
46732.70    -0.14877744
46732.80    -0.14963919
46732.90    -0.02032768
46733.00     0.00774091
46733.10    -0.21278991
46733.20    -0.17374580
46733.30    -0.13843556
46733.40    -0.18316273
46733.50    -0.22890407
46733.60    -0.07596540
46733.70    -0.07345302
46733.80    -0.08656403
46733.90    -0.11733538
46734.00    -0.03609828
46734.10    -0.07534149
46734.20    -0.13534471
46734.30    -0.09922590
46734.40    -0.06647392
46734.50     0.03230321
46734.60    -0.00859604
46734.70    -0.05380820
46734.80    -0.03271627
46734.90    -0.04259410
46735.00     0.06449594
46735.10    -0.00277846
46735.20    -0.12572089
46735.30    -0.03008338
46735.40    -0.07525840
46735.50    -0.07861342
46735.60     0.01938099
46735.70    -0.11943997
46735.80     0.05976481
46735.90    -0.11633087
46736.00    -0.04771968
46736.10    -0.14681803
46736.20    -0.06530926
46736.30    -0.13558874
46736.40    -0.13288593
46736.50    -0.06828655
46736.60    -0.10537782
46736.70    -0.14725952
46736.80    -0.19303717
46736.90    -0.17786126
46737.00    -0.15480712
46737.10    -0.12057214
46737.20    -0.06801803
46737.30    -0.00676796
46737.40    -0.10410438
46737.50    -0.04821355
46737.60     0.10177807
46737.70     0.05104395
46737.80     0.02955270
46737.90     0.06883679
46738.00    -0.01829945
46738.10     0.02362579
46738.20    -0.07099897
46738.30     0.00029404
46738.40     0.00194199
46738.50    -0.01415257
46738.60    -0.01008872
46738.70    -0.00591827
46738.80    -0.04127488
46738.90    -0.11803572
46739.00     0.01986052
46739.10    -0.01438426
46739.20     0.00426566
46739.30    -0.02709634
46739.40    -0.07569178
46739.50    -0.09663578
46739.60    -0.09641221
46739.70    -0.08143986
46739.80    -0.09909300
46739.90    -0.14522785
46740.00    -0.17104253
46740.10    -0.19340517
46740.20    -0.16845827
46740.30    -0.13931976
46740.40    -0.09800176
46740.50    -0.07806157
46740.60    -0.08024576
46740.70    -0.04166578
46740.80    -0.08641206
46740.90    -0.05065268
46741.00    -0.12220515
46741.10    -0.11097579
46741.20    -0.10013144
46741.30    -0.06834566
46741.40    -0.07515281
46741.50    -0.07122375
46741.60    -0.08047890
46741.70    -0.04529524
46741.80    -0.14457475
46741.90    -0.08841880
46742.00    -0.09819774
46742.10    -0.09824502
46742.20    -0.06881595
46742.30    -0.07345850
46742.40    -0.12236147
46742.50    -0.09051642
46742.60    -0.10569334
46742.70    -0.13597430
46742.80    -0.05054910
46742.90    -0.01415339
46743.00    -0.02663396
46743.10    -0.01518052
46743.20    -0.00797669
46743.30    -0.04301320
46743.40    -0.01953596
46743.50    -0.12300156
46743.60    -0.05520433
46743.70    -0.08973408
46743.80    -0.07495436
46743.90    -0.12077487
46744.00    -0.10252282
46744.10     0.02367239
46744.20    -0.06084488
46744.30    -0.05427608
46744.40    -0.06692419
46744.50    -0.01841174
46744.60    -0.00285035
46744.70    -0.12174045
46744.80    -0.10102235
46744.90    -0.03660472
46745.00    -0.12422852
46745.10    -0.06540430
46745.20    -0.00841346
46745.30    -0.12100301
46745.40    -0.19807790
46745.50    -0.10815196
46745.60    -0.07194909
46745.70    -0.06091924
46745.80    -0.06163976
46745.90    -0.03984660
46746.00    -0.00989869
46746.10    -0.05597732
46746.20    -0.10847258
46746.30    -0.10861209
46746.40    -0.10405418
46746.50    -0.08322199
46746.60    -0.08556048
46746.70    -0.13001780
46746.80    -0.12485508
46746.90    -0.14876509
46747.00    -0.12262908
46747.10    -0.05505024
46747.20    -0.07260095
46747.30    -0.03485340
46747.40    -0.01946951
46747.50    -0.05479313
46747.60    -0.03643688
46747.70    -0.02673120
46747.80    -0.05071954
46747.90    -0.09216253
46748.00    -0.08679307
46748.10    -0.09346896
46748.20    -0.09636786
46748.30     0.01473435
46748.40    -0.02353514
46748.50    -0.03113463
46748.60     0.03608184
46748.70    -0.01350950
46748.80    -0.01689625
46748.90    -0.04710376
46749.00     0.06834177
46749.10    -0.01366929
46749.20    -0.06473012
46749.30    -0.15332727
46749.40    -0.00683722
46749.50     0.02538515
46749.60    -0.04676803
46749.70    -0.03408233
46749.80     0.01786045
46749.90     0.07870667
46750.00    -0.01518937
46750.10     0.03422095
46750.20    -0.03547981
46750.30     0.08037492
46750.40     0.06829372
46750.50     0.07785944
46750.60     0.07969453
46750.70    -0.05351511
46750.80     0.09324239
46750.90     0.02830369
46751.00    -0.01516791
46751.10     0.15702492
46751.20     0.04397565
46751.30     0.05198218
46751.40     0.01713351
46751.50     0.04041083
46751.60    -0.02582218
46751.70    -0.00696060
46751.80     0.03958760
46751.90     0.10195813
46752.00     0.06771724
46752.10     0.04140391
46752.20     0.08370675
46752.30     0.12144298
46752.40     0.10743166
46752.50     0.17583042
46752.60     0.11333399
46752.70     0.08549768
46752.80     0.12252647
46752.90     0.06832892
46753.00     0.05842442
46753.10     0.08901849
46753.20     0.10957179
46753.30     0.09244845
46753.40     0.15276222
46753.50     0.06436996
46753.60     0.07738239
46753.70     0.04782128
46753.80     0.04362316
46753.90     0.15760365
46754.00     0.17135756
46754.10     0.15982056
46754.20     0.17262116
46754.30     0.15807830
46754.40     0.17026202
46754.50     0.18081580
46754.60     0.14946784
46754.70     0.08835509
46754.80     0.10700396
46754.90     0.06489801
46755.00     0.08682927
46755.10     0.05135921
46755.20     0.01471735
46755.30     0.04638637
46755.40     0.00900799
46755.50     0.01657420
46755.60     0.04093175
46755.70     0.06174672
46755.80     0.04526034
46755.90     0.03658259
46756.00     0.02160564
46756.10     0.05200368
46756.20     0.02124119
46756.30     0.01248004
46756.40     0.03113650
46756.50     0.07917903
46756.60     0.07058696
46756.70     0.04305663
46756.80     0.05624836
46756.90     0.02068877
46757.00    -0.00558268
46757.10     0.03726719
46757.20     0.03595725
46757.30     0.08768005
46757.40     0.05820970
46757.50     0.04883550
46757.60    -0.03279914
46757.70     0.01992014
46757.80     0.03501847
46757.90     0.02759430
46758.00    -0.06053307
46758.10     0.08508999
46758.20     0.03025290
46758.30     0.11269657
46758.40     0.05713859
46758.50    -0.02096259
46758.60     0.02965557
46758.70    -0.07167334
46758.80    -0.05274361
46758.90     0.10829370
46759.00     0.00890831
46759.10     0.06037287
46759.20     0.04570109
46759.30     0.03849986
46759.40     0.04277942
46759.50    -0.02903356
46759.60    -0.04172577
46759.70     0.00394016
46759.80    -0.02451030
46759.90    -0.03666969
46760.00    -0.08693131
46760.10    -0.04121960
46760.20    -0.04802681
46760.30    -0.06188016
46760.40    -0.02928548
46760.50    -0.05409236
46760.60    -0.05402819
46760.70    -0.03393236
46760.80    -0.04083013
46760.90    -0.03796552
46761.00    -0.01385053
46761.10    -0.03791456
46761.20    -0.02101969
46761.30     0.02116595
46761.40     0.04623249
46761.50     0.02996738
46761.60    -0.00441349
46761.70    -0.02335899
46761.80     0.01276260
46761.90     0.05445874
46762.00    -0.01380863
46762.10    -0.02423926
46762.20    -0.06916431
46762.30     0.00636035
46762.40     0.02737827
46762.50     0.00171026
46762.60     0.06278192
46762.70    -0.00131980
46762.80     0.01855142
46762.90     0.04316053
46763.00     0.04015036
46763.10     0.02031234
46763.20     0.04623915
46763.30     0.01845309
46763.40     0.05517152
46763.50     0.01626180
46763.60     0.04890849
46763.70     0.04689369
46763.80     0.00263976
46763.90     0.01426769
46764.00     0.02294539
46764.10     0.01697330
46764.20     0.06555390
46764.30     0.04186564
46764.40     0.05525015
46764.50     0.03457863
46764.60     0.02116212
46764.70     0.01804256
46764.80     0.06057940
46764.90     0.06232423
46765.00     0.04324522
46765.10     0.07367226
46765.20     0.14809455
46765.30    -0.02310176
46765.40     0.03188909
46765.50     0.00650802
46765.60    -0.01031852
46765.70    -0.02016423
46765.80    -0.02921586
46765.90    -0.09047123
46766.00    -0.01854817
46766.10     0.02082837
46766.20     0.02768231
46766.30     0.05502810
46766.40     0.03207749
46766.50     0.08297567
46766.60     0.07168191
46766.70     0.09917394
46766.80     0.15004624
46766.90     0.11889253
46767.00     0.10878413
46767.10     0.11652824
46767.20     0.12526366
46767.30     0.12147155
46767.40     0.16749865
46767.50     0.17387664
46767.60     0.20942409
46767.70     0.21383718
46767.80     0.19933484
46767.90     0.23520124
46768.00     0.14232117
46768.10     0.15819186
46768.20     0.13635172
46768.30     0.17108260
46768.40     0.14968188
46768.50     0.12828518
46768.60     0.13436344
46768.70     0.14616151
46768.80     0.06423219
46768.90     0.19108054
46769.00     0.17350794
46769.10     0.15892087
46769.20     0.10847270
46769.30     0.07293285
46769.40     0.11391916
46769.50     0.09877146
46769.60     0.07351757
46769.70     0.05152288
46769.80     0.02364197
46769.90     0.09034235
46770.00     0.07873020
46770.10     0.04955553
46770.20     0.06566873
46770.30     0.05993620
46770.40     0.05784696
46770.50    -0.02762206
46770.60    -0.04550512
46770.70    -0.01067439
46770.80    -0.03002711
46770.90     0.06053409
46771.00     0.01221319
46771.10     0.04691186
46771.20    -0.06078673
46771.30    -0.04536924
46771.40     0.04313634
46771.50    -0.05083456
46771.60     0.03990215
46771.70     0.14230201
46771.80     0.12661226
46771.90     0.08436884
46772.00     0.05841368
46772.10     0.08266924
46772.20     0.03291380
46772.30     0.02211755
46772.40     0.04950237
46772.50     0.06592015
46772.60     0.07502104
46772.70     0.01313751
46772.80     0.08662506
46772.90     0.02583416
46773.00    -0.20041043
46773.10     0.07835835
46773.20     0.09153596
46773.30     0.05414173
46773.40     0.01224830
46773.50    -0.03512985
46773.60    -0.02966635
46773.70     0.04894404
46773.80     0.05321693
46773.90    -0.07033338
46774.00     0.07799013
46774.10     0.06285492
46774.20     0.05384771
46774.30     0.06888606
46774.40    -0.03294086
46774.50     0.00459565
46774.60     0.11258810
46774.70     0.06579674
46774.80     0.04722869
46774.90     0.03870748
46775.00     0.08267035
46775.10    -0.06249737
46775.20     0.03393902
46775.30     0.13603967
46775.40     0.01152970
46775.50     0.06948189
46775.60     0.01172221
46775.70     0.09878775
46775.80     0.15786198
46775.90     0.12954611
46776.00    -0.05759161
46776.10     0.02373061
46776.20    -0.03470840
46776.30     0.02075385
46776.40     0.09900148
46776.50     0.04642842
46776.60     0.16021319
46776.70     0.11424755
46776.80     0.15426089
46776.90     0.11650530
46777.00     0.08165511
46777.10    -0.05244956
46777.20     0.06867100
46777.30     0.09282184
46777.40     0.05768980
46777.50     0.09047870
46777.60     0.05189613
46777.70     0.06461550
46777.80     0.07498584
46777.90     0.06153834
46778.00     0.16303110
46778.10     0.25171486
46778.20    -0.07805489
46778.30     0.21835202
46778.40     0.24680583
46778.50     0.24954282
46778.60     0.30016309
46778.70     0.29082814
46778.80     0.47917822
46778.90     0.11074466
46779.00     0.02088219
46779.10     0.16549414
46779.20     0.15645863
46779.30     0.17596425
46779.40     0.17138873
46779.50     0.21359688
46779.60     0.23547018
46779.70     0.26960433
46779.80     0.21318945
46779.90     0.24411723
46780.00     0.22901483
46780.10     0.22366740
46780.20     0.13206390
46780.30     0.24938323
46780.40     0.29840013
46780.50     0.16417633
46780.60     0.19451693
46780.70     0.23307551
46780.80     0.23984815
46780.90     0.30349666
46781.00     0.23452593
46781.10     0.14870919
46781.20     0.14493708
46781.30     0.19355683
46781.40     0.22823033
46781.50     0.16283177
46781.60     0.24140674
46781.70     0.17005880
46781.80     0.14384295
46781.90     0.10978219
46782.00     0.22261687
46782.10     0.22691528
46782.20     0.12115096
46782.30     0.07336158
46782.40     0.30304268
46782.50     0.19266759
46782.60     0.15185584
46782.70     0.33013585
46782.80     0.45882851
46782.90     0.44332075
46783.00     0.42686599
46783.10     0.27980143
46783.20     0.30666372
46783.30     0.24179038
46783.40     0.35522968
46783.50     0.25903940
46783.60     0.08709357
46783.70     0.17079434
46783.80     0.22674973
46783.90     0.30391064
46784.00     0.14436197
46784.10     0.22735330
46784.20     0.39246628
46784.30     0.21699637
46784.40     0.05885826
46784.50    -0.08930963
46784.60     0.03637533
46784.70    -0.03509178
46784.80     0.12587392
46784.90     0.15286358
46785.00     0.06527568
46785.10    -0.02474141
46785.20     0.20894031
46785.30     0.08622845
46785.40     0.09592839
46785.50     0.23459314
46785.60    -0.12594607
46785.70    -0.03871356
46785.80     0.08506802
46785.90    -0.16660443
46786.00     0.16921997
46786.10     0.22825110
46786.20    -0.12109786
46786.30    -0.29685083
46786.40    -0.00229291
46786.50     0.08211373
46786.60     0.14478752
46786.70     0.12682715
46786.80     0.27132076
46786.90     0.05587686
46787.00     0.13410929
46787.10     0.25872609
46787.20     0.01658441
46787.30     0.14669971
46787.40     0.02287338
46787.50    -0.19394919
46787.60    -0.15388937
46787.70    -0.07541238
46787.80     0.04753324
46787.90    -0.06392431
46788.00    -0.07414246
46788.10     0.03092798
46788.20     0.12164758
46788.30     0.19643448
46788.40     0.10389126
46788.50     0.17884074
46788.60     0.13050735
46788.70     0.23450494
46788.80     0.06667801
46788.90     0.10088284
46789.00     0.15899664
46789.10     0.11030153
46789.20     0.09501231
46789.30     0.01133880
46789.40     0.08329166
46789.50    -0.16113724
46789.60    -0.11528648
46789.70    -0.11527622
46789.80    -0.12195098
46789.90    -0.14464504
46790.00    -0.27079126
46790.10    -0.20763633
46790.20     0.22470850
46790.30     0.21790150
46790.40     0.31464502
46790.50     0.27788424
46790.60     0.34004739
46790.70     0.40485802
46790.80     0.29974583
46790.90     0.01461980
46791.00    -0.23537830
46791.10    -0.19022116
46791.20    -0.11225595
46791.30    -0.19476588
46791.40    -0.16776522
46791.50    -0.10868913
46791.60    -0.13414688
46791.70     0.05699128
46791.80     0.39470482
46791.90     0.15536587
46792.00    -0.25962666
46792.10    -0.21872891
46792.20     0.11008217
46792.30    -0.06844349
46792.40     0.10984314
46792.50    -0.17355010
46792.60    -0.02604579
46792.70     0.06621926
46792.80     0.04387285
46792.90    -0.06971067
46793.00    -0.02432327
46793.10     0.00049121
46793.20     0.17566620
46793.30     0.18644358
46793.40     0.02521663
46793.50     0.03741690
46793.60    -0.05477921
46793.70    -0.15363388
46793.80    -0.05068448
46793.90     0.06557734
46794.00    -0.07527246
46794.10     0.01974326
46794.20     0.39689702
46794.30    -0.20629705
46794.40     0.02826394
46794.50    -0.06334443
46794.60     0.06829411
46794.70    -0.01181881
46794.80    -0.23753603
46794.90    -0.03112893
46795.00     0.07618856
46795.10     0.29513583
46795.20     0.30706492
46795.30     0.27816471
46795.40     0.28410685
46795.50     0.39293841
46795.60     0.44034943
46795.70     0.25196689
46795.80     0.27636260
46795.90     0.10052672
46796.00     0.28086460
46796.10     0.20446700
46796.20     0.21987779
46796.30     0.24093670
46796.40     0.34362045
46796.50    -0.02060855
46796.60    -0.03169018
46796.70     0.22203395
46796.80     0.24224599
46796.90    -0.12576941
46797.00     0.14752084
46797.10    -0.08280208
46797.20     0.19085667
46797.30    -0.03771645
46797.40     0.10113265
46797.50     0.13896786
46797.60     0.00712414
46797.70    -0.20058672
46797.80     0.02429541
46797.90    -0.21536008
46798.00    -0.14624728
46798.10    -0.19928204
46798.20    -0.02475853
46798.30     0.02817722
46798.40    -0.01632952
46798.50    -0.12403121
46798.60     0.07959337
46798.70    -0.24328512
46798.80    -0.40305129
46798.90     0.00780729
46799.00    -0.12438015
46799.10    -0.28848544
46799.20    -0.20654249
46799.30    -0.27239382
46799.40    -0.16039521
46799.50    -0.14775868
46799.60    -0.13124068
46799.70    -0.11310728
46799.80     0.00707941
46799.90    -0.16600883
46800.00    -0.19363895
46800.10    -0.11974473
46800.20    -0.21058075
46800.30    -0.12788661
46800.40    -0.03611557
46800.50    -0.04936518
46800.60     0.14139059
46800.70    -0.20641895
46800.80     0.15176965
46800.90    -0.14584051
46801.00    -0.15512893
46801.10    -0.01552568
46801.20     0.14491504
46801.30     0.12590589
46801.40     0.21659409
46801.50     0.09488425
46801.60     0.05469802
46801.70    -0.30647343
46801.80    -0.31635082
46801.90    -0.23835711
46802.00     0.04260279
46802.10     0.16522828
46802.20    -0.28585109
46802.30     0.37053794
46802.40    -0.29997653
46802.50     0.21510008
46802.60    -0.15104377
46802.70    -0.31933606
46802.80    -0.34371468
46802.90    -0.29453206
46803.00    -0.30597427
46803.10    -0.00167021
46803.20     0.09256066
46803.30     0.22014862
46803.40     0.23387991
46803.50     0.48868945
46803.60     0.24835199
46803.70    -0.12309518
46803.80     0.17407359
46803.90     0.05439731
46804.00     0.25262457
46804.10     0.11108665
46804.20    -0.10900660
46804.30     0.01430601
46804.40     0.01602928
46804.50    -0.02262320
46804.60    -0.17560722
46804.70     0.06993604
46804.80    -0.19972792
46804.90     0.08825648
46805.00    -0.07711207
46805.10    -0.24435273
46805.20    -0.11381834
46805.30    -0.18193612
46805.40    -0.22828834
46805.50     0.16665365
46805.60     0.09982954
46805.70     0.00455431
46805.80    -0.14484011
46805.90    -0.17516649
46806.00     0.02183970
46806.10    -0.10647079
46806.20     0.05080163
46806.30    -0.00282149
46806.40    -0.29192409
46806.50    -0.32707870
46806.60    -0.14366940
46806.70    -0.37727240
46806.80    -0.24953005
46806.90    -0.38821751
46807.00    -0.05761473
46807.10    -0.10858572
46807.20    -0.06923563
46807.30    -0.21450923
46807.40    -0.30891404
46807.50    -0.01123534
46807.60    -0.05586461
46807.70    -0.07517326
46807.80    -0.04126070
46807.90    -0.07833128
46808.00    -0.01356258
46808.10    -0.05175299
46808.20    -0.05939987
46808.30     0.11409473
46808.40    -0.05934403
46808.50     0.10655992
46808.60     0.03806006
46808.70     0.14995560
46808.80     0.13826998
46808.90    -0.09434784
46809.00    -0.13824490
46809.10    -0.03794553
46809.20    -0.05648378
46809.30     0.07716146
46809.40    -0.02125504
46809.50     0.02839598
46809.60     0.01905202
46809.70    -0.05895120
46809.80     0.00946384
46809.90     0.00879066
46810.00    -0.15955025
46810.10     0.04875722
46810.20     0.01480737
46810.30     0.00294833
46810.40    -0.03768896
46810.50     0.13208903
46810.60     0.04029775
46810.70    -0.06892791
46810.80     0.00930831
46810.90    -0.07817607
46811.00    -0.09196083
46811.10    -0.07542028
46811.20    -0.04827864
46811.30    -0.09021197
46811.40    -0.14643748
46811.50    -0.17755158
46811.60    -0.17413937
46811.70    -0.12461499
46811.80    -0.10961095
46811.90    -0.06737171
46812.00    -0.20922641
46812.10    -0.28300101
46812.20    -0.20847827
46812.30    -0.25394371
46812.40    -0.19075483
46812.50    -0.08995920
46812.60    -0.13702308
46812.70    -0.08974407
46812.80    -0.10704007
46812.90    -0.12456217
46813.00    -0.17670475
46813.10    -0.10876054
46813.20    -0.10117547
46813.30    -0.05973437
46813.40    -0.07903937
46813.50    -0.14865187
46813.60    -0.01910643
46813.70    -0.08380131
46813.80    -0.15717605
46813.90    -0.07617278
46814.00    -0.03889583
46814.10    -0.10328759
46814.20    -0.08339854
46814.30    -0.07022022
46814.40    -0.18881451
46814.50    -0.14780676
46814.60    -0.12215976
46814.70    -0.11535519
46814.80    -0.09472752
46814.90    -0.05551314
46815.00    -0.04852413
46815.10    -0.14783934
46815.20    -0.05024777
46815.30    -0.19384593
46815.40    -0.11847532
46815.50    -0.20757253
46815.60    -0.22009879
46815.70    -0.05081958
46815.80    -0.09674129
46815.90    -0.10665812
46816.00    -0.14966670
46816.10    -0.24435249
46816.20    -0.26378074
46816.30    -0.00187604
46816.40    -0.12709342
46816.50    -0.11788496
46816.60    -0.19517604
46816.70    -0.19052862
46816.80    -0.20246859
46816.90    -0.13652028
46817.00    -0.01820993
46817.10     0.07135937
46817.20    -0.01919375
46817.30    -0.19571573
46817.40    -0.10393792
46817.50    -0.26085618
46817.60    -0.11633772
46817.70     0.02445498
46817.80    -0.04459968
46817.90    -0.12410228
46818.00     0.18480448
46818.10    -0.02683837
46818.20     0.11156665
46818.30    -0.00964684
46818.40     0.06636827
46818.50    -0.01261625
46818.60    -0.11711758
46818.70     0.01452317
46818.80     0.11419172
46818.90     0.11551359
46819.00     0.21663611
46819.10     0.07549182
46819.20     0.35279128
46819.30     0.02258627
46819.40     0.42542458
46819.50     0.03377211
46819.60     0.03916858
46819.70     0.00906933
46819.80     0.31035325
46819.90    -0.02409154
46820.00    -0.00436419
46820.10    -0.07742775
46820.20    -0.12125294
46820.30    -0.01243106
46820.40    -0.06406139
46820.50    -0.06440198
46820.60    -0.04093274
46820.70    -0.25611782
46820.80    -0.23693600
46820.90    -0.06446398
46821.00    -0.31175283
46821.10    -0.27628189
46821.20    -0.05627561
46821.30    -0.03352133
46821.40    -0.00143921
46821.50     0.02185191
46821.60    -0.10073222
46821.70     0.03809991
46821.80    -0.12303877
46821.90    -0.07195852
46822.00     0.14299627
46822.10    -0.12157119
46822.20    -0.10161433
46822.30    -0.15597041
46822.40    -0.11214644
46822.50    -0.25515017
46822.60    -0.24682812
46822.70     0.05530018
46822.80     0.05681793
46822.90    -0.01323255
46823.00     0.12831099
46823.10    -0.06337686
46823.20    -0.01482389
46823.30     0.12437432
46823.40     0.07719426
46823.50     0.07086771
46823.60    -0.13347554
46823.70    -0.20315725
46823.80     0.05854381
46823.90    -0.08080123
46824.00     0.10664397
46824.10     0.09211200
46824.20    -0.14275716
46824.30     0.05810792
46824.40    -0.20038599
46824.50    -0.02574223
46824.60    -0.09725253
46824.70     0.13446234
46824.80    -0.19572043
46824.90    -0.10169387
46825.00     0.08881596
46825.10     0.01512965
46825.20    -0.06050980
46825.30    -0.06855538
46825.40    -0.00274779
46825.50    -0.08098578
46825.60    -0.00520491
46825.70    -0.05334232
46825.80     0.09544756
46825.90     0.21497411
46826.00     0.18684730
46826.10     0.15567531
46826.20     0.24384426
46826.30     0.05909268
46826.40     0.14589030
46826.50    -0.10495427
46826.60     0.03701279
46826.70     0.04049093
46826.80     0.20033926
46826.90     0.11068241
46827.00    -0.06789647
46827.10     0.06459377
46827.20    -0.08675046
46827.30     0.18015766
46827.40     0.18674515
46827.50     0.06802265
46827.60     0.01031925
46827.70    -0.03312448
46827.80    -0.15978593
46827.90    -0.14662600
46828.00     0.02336705
46828.10     0.19729231
46828.20     0.09166367
46828.30     0.16786197
46828.40     0.01115256
46828.50     0.32685590
46828.60     0.29966506
46828.70     0.19333033
46828.80     0.05570528
46828.90     0.08235212
46829.00     0.19444206
46829.10     0.09857313
46829.20     0.20235200
46829.30     0.17282453
46829.40     0.01541487
46829.50    -0.04560220
46829.60     0.19538864
46829.70     0.03326465
46829.80     0.18942533
46829.90     0.23960385
46830.00     0.02354133
46830.10     0.15271971
46830.20     0.07769343
46830.30     0.06940252
46830.40     0.08981426
46830.50     0.20334995
46830.60     0.07684892
46830.70     0.21466880
46830.80     0.05567829
46830.90     0.10565665
46831.00     0.10603015
46831.10     0.02911206
46831.20     0.02744259
46831.30    -0.02108504
46831.40    -0.00303348
46831.50     0.03705202
46831.60     0.06547650
46831.70     0.02536464
46831.80    -0.00502574
46831.90     0.01956541
46832.00     0.02232462
46832.10     0.03929286
46832.20     0.08882194
46832.30     0.01072064
46832.40     0.09892344
46832.50     0.04373676
46832.60    -0.02119858
46832.70    -0.07290234
46832.80     0.00322835
46832.90    -0.08060744
46833.00    -0.07994760
46833.10    -0.11769214
46833.20     0.03780099
46833.30     0.03911357
46833.40    -0.04069247
46833.50     0.09565740
46833.60     0.04356922
46833.70     0.06070185
46833.80    -0.05063008
46833.90    -0.01367322
46834.00    -0.00503167
46834.10    -0.05795606
46834.20    -0.11409961
46834.30     0.01235220
46834.40    -0.03791931
46834.50     0.10131367
46834.60     0.04827762
46834.70    -0.00166160
46834.80    -0.03100805
46834.90    -0.02605532
46835.00     0.02850164
46835.10    -0.03166493
46835.20    -0.01216425
46835.30     0.10914495
46835.40     0.04456578
46835.50    -0.09891719
46835.60     0.07943016
46835.70     0.12216695
46835.80     0.12526926
46835.90     0.00936226
46836.00     0.01186128
46836.10     0.03160216
46836.20     0.01485148
46836.30     0.04507250
46836.40     0.02370167
46836.50     0.11228669
46836.60     0.09133928
46836.70     0.12000143
46836.80     0.08192032
46836.90     0.04010411
46837.00     0.09370828
46837.10     0.06382837
46837.20     0.04725497
46837.30     0.06030309
46837.40     0.02036036
46837.50     0.05513047
46837.60     0.02625926
46837.70     0.06300918
46837.80    -0.04041666
46837.90     0.00770535
46838.00    -0.00164856
46838.10     0.09528347
46838.20     0.03496880
46838.30     0.07131151
46838.40     0.08865204
46838.50     0.09873744
46838.60     0.10947627
46838.70     0.11667114
46838.80     0.09577412
46838.90     0.07043101
46839.00     0.07554062
46839.10     0.09035098
46839.20     0.09120291
46839.30     0.09896611
46839.40     0.05779044
46839.50     0.06712935
46839.60     0.06759970
46839.70     0.05289023
46839.80     0.05766715
46839.90     0.05871659
46840.00     0.09126852
46840.10     0.04881364
46840.20     0.05262529
46840.30     0.08826786
46840.40     0.06885154
46840.50     0.08442964
46840.60     0.09554535
46840.70     0.16190529
46840.80     0.17121185
46840.90     0.06309229
46841.00     0.05821228
46841.10    -0.00726725
46841.20     0.02391834
46841.30    -0.00060904
46841.40    -0.03593813
46841.50    -0.00737260
46841.60     0.02633600
46841.70     0.04966588
46841.80     0.00822440
46841.90     0.04428134
46842.00     0.06970964
46842.10     0.10857337
46842.20     0.07261016
46842.30     0.17616244
46842.40    -0.00415609
46842.50     0.05448142
46842.60     0.12791730
46842.70     0.16697437
46842.80     0.11689936
46842.90     0.10401680
46843.00     0.10188814
46843.10     0.14503604
46843.20     0.13520712
46843.30     0.09225348
46843.40     0.12487908
46843.50     0.10860609
46843.60     0.11937179
46843.70     0.11708698
46843.80     0.11049675
46843.90     0.14277433
46844.00     0.13644540
46844.10     0.15118633
46844.20     0.14661358
46844.30     0.13050835
46844.40     0.17547172
46844.50     0.13682474
46844.60     0.15434350
46844.70     0.15606128
46844.80     0.14992431
46844.90     0.19820070
46845.00     0.14122640
46845.10     0.16955298
46845.20     0.14869614
46845.30     0.19700670
46845.40     0.26445058
46845.50     0.24677590
46845.60     0.19104831
46845.70     0.11453065
46845.80     0.13526325
46845.90     0.13810986
46846.00     0.16238236
46846.10     0.21360397
46846.20     0.15998472
46846.30     0.18010546
46846.40     0.18404143
46846.50     0.20786646
46846.60     0.22642010
46846.70     0.21184820
46846.80     0.19299074
46846.90     0.13078254
46847.00     0.08261128
46847.10     0.12883104
46847.20     0.18167530
46847.30     0.32669008
46847.40     0.35193720
46847.50     0.30180785
46847.60     0.33099771
46847.70     0.27937973
46847.80     0.19245173
46847.90     0.09826022
46848.00     0.28351396
46848.10     0.37897429
46848.20     0.17355420
46848.30     0.19457829
46848.40     0.28159410
46848.50     0.04285370
46848.60     0.16037111
46848.70     0.13653114
46848.80     0.25478280
46848.90     0.43940052
46849.00     0.33714220
46849.10     0.11513851
46849.20     0.03796249
46849.30     0.12874028
46849.40     0.15875070
46849.50     0.13307530
46849.60     0.11625624
46849.70     0.25620469
46849.80     0.21270439
46849.90     0.36501557
46850.00     0.32840443
46850.10     0.11047654
46850.20     0.14621702
46850.30     0.13189881
46850.40     0.29654488
46850.50     0.25258964
46850.60     0.26028907
46850.70     0.26382342
46850.80     0.27173272
46850.90     0.23892771
46851.00     0.08706388
46851.10     0.24662189
46851.20     0.22988047
46851.30     0.17446586
46851.40     0.16116691
46851.50     0.06030298
46851.60     0.02098793
46851.70     0.11626231
46851.80     0.30268356
46851.90     0.19449994
46852.00     0.37018517
46852.10     0.16974106
46852.20     0.16299576
46852.30     0.22073236
46852.40     0.08068888
46852.50     0.18737917
46852.60     0.06256915
46852.70     0.22699122
46852.80     0.14466877
46852.90    -0.05596414
46853.00     0.04612651
46853.10     0.00928780
46853.20     0.10205822
46853.30     0.09217405
46853.40    -0.04068191
46853.50     0.08144244
46853.60     0.40833348
46853.70     0.29964989
46853.80     0.15160884
46853.90     0.21671632
46854.00     0.14551502
46854.10     0.31827387
46854.20    -0.05265126
46854.30     0.01896730
46854.40    -0.02336439
46854.50     0.37067443
46854.60     0.34871051
46854.70     0.06005336
46854.80     0.03554852
46854.90     0.07887466
46855.00     0.17457736
46855.10     0.18682483
46855.20     0.07133531
46855.30     0.17430599
46855.40     0.22151054
46855.50     0.19602701
46855.60     0.08949778
46855.70     0.16909090
46855.80     0.21838039
46855.90     0.18195076
46856.00     0.05225272
46856.10     0.05012196
46856.20     0.17647263
46856.30     0.09623953
46856.40     0.17116354
46856.50     0.20940052
46856.60     0.11913871
46856.70     0.01143789
46856.80     0.19419767
46856.90     0.19494091
46857.00     0.07933384
46857.10     0.19400531
46857.20     0.18573853
46857.30     0.24367101
46857.40     0.23813035
46857.50     0.21267931
46857.60     0.10639008
46857.70     0.12268312
46857.80     0.28660151
46857.90     0.16155021
46858.00    -0.04790623
46858.10     0.03361206
46858.20     0.04820910
46858.30     0.27137744
46858.40     0.21706514
46858.50     0.12622175
46858.60     0.17634913
46858.70     0.26971817
46858.80     0.29092869
46858.90     0.39385679
46859.00     0.26342374
46859.10     0.28862587
46859.20     0.24592423
46859.30     0.20089631
46859.40     0.24677718
46859.50     0.31255373
46859.60     0.17674297
46859.70     0.20267697
46859.80     0.22381075
46859.90    -0.03580680
46860.00     0.20745060
46860.10     0.19974263
46860.20     0.07957448
46860.30    -0.22457282
46860.40     0.57756335
46860.50     0.43247452
46860.60     0.63677979
46860.70     0.29092449
46860.80     0.19332202
46860.90     0.28208673
46861.00     0.24594361
46861.10     0.16439827
46861.20     0.17312038
46861.30     0.00982799
46861.40     0.04516942
46861.50     0.09587239
46861.60     0.04878028
46861.70     0.03702571
46861.80    -0.04273918
46861.90    -0.01281942
46862.00     0.13695955
46862.10     0.12376019
46862.20     0.09759521
46862.30     0.09499806
46862.40     0.52003539
46862.50     0.41876787
46862.60     0.38328931
46862.70     0.20918223
46862.80     0.26520446
46862.90     0.10364501
46863.00     0.10449807
46863.10     0.24406187
46863.20     0.20241478
46863.30     0.17228782
46863.40     0.34447709
46863.50     0.24514623
46863.60     0.30669245
46863.70     0.46966925
46863.80     0.20414811
46863.90     0.20906505
46864.00     0.33051842
46864.10     0.06734234
46864.20     0.24555205
46864.30    -0.23585628
46864.40    -0.19565678
46864.50     0.26201692
46864.60     0.20889439
46864.70     0.19981556
46864.80     0.15641354
46864.90     0.14990573
46865.00     0.21965368
46865.10     0.20801464
46865.20     0.33507374
46865.30     0.22284782
46865.40     0.23070888
46865.50     0.24637194
46865.60     0.27322710
46865.70     0.25146902
46865.80     0.30272967
46865.90     0.19112699
46866.00     0.10499611
46866.10     0.27180177
46866.20     0.29997250
46866.30     0.26428401
46866.40     0.28715730
46866.50     0.40010017
46866.60     0.30452427
46866.70     0.32130790
46866.80     0.39696807
46866.90     0.34109601
46867.00     0.46731654
46867.10     0.31194496
46867.20     0.19358796
46867.30     0.05479687
46867.40     0.24688755
46867.50     0.13522209
46867.60    -0.01799272
46867.70     0.14085211
46867.80     0.07701065
46867.90     0.14352396
46868.00     0.05991740
46868.10     0.17681655
46868.20     0.18279804
46868.30     0.10167404
46868.40     0.07266568
46868.50     0.10366458
46868.60     0.10841598
46868.70     0.13058878
46868.80     0.10553194
46868.90     0.09499359
46869.00     0.13144480
46869.10     0.04639120
46869.20     0.08088906
46869.30    -0.02082896
46869.40     0.00544868
46869.50    -0.03870580
46869.60     0.04119413
46869.70    -0.01208037
46869.80    -0.00694042
46869.90    -0.01512913
46870.00    -0.03098505
46870.10    -0.01260292
46870.20     0.04466819
46870.30    -0.02341026
46870.40     0.03978025
46870.50    -0.04385034
46870.60    -0.04515165
46870.70    -0.07830517
46870.80    -0.04458021
46870.90     0.07098828
46871.00     0.04178810
46871.10    -0.00541024
46871.20    -0.08723214
46871.30    -0.02496461
46871.40    -0.02226793
46871.50    -0.05625558
46871.60    -0.03836091
46871.70    -0.06584030
46871.80     0.04925674
46871.90    -0.07809890
46872.00    -0.03691923
46872.10    -0.06488315
46872.20    -0.01995985
46872.30    -0.03071601
46872.40    -0.02436209
46872.50    -0.02429425
46872.60    -0.00498807
46872.70    -0.02577698
46872.80     0.00049849
46872.90    -0.02475517
46873.00    -0.05633783
46873.10    -0.09944692
46873.20    -0.08604102
46873.30    -0.09090601
46873.40    -0.15214823
46873.50    -0.13139401
46873.60    -0.16429970
46873.70    -0.03685745
46873.80    -0.16694851
46873.90    -0.18961303
46874.00    -0.15997842
46874.10    -0.28153607
46874.20    -0.16512591
46874.30    -0.20473668
46874.40    -0.14571095
46874.50    -0.10973719
46874.60    -0.22086875
46874.70    -0.21000445
46874.80    -0.07813331
46874.90    -0.13487953
46875.00    -0.14524345
46875.10    -0.06818893
46875.20    -0.07078938
46875.30    -0.02691145
46875.40    -0.07630344
46875.50    -0.14750841
46875.60    -0.15103397
46875.70    -0.06065543
46875.80    -0.02336413
46875.90    -0.05663993
46876.00    -0.04887295
46876.10    -0.01636596
46876.20    -0.16428550
46876.30    -0.02821495
46876.40    -0.09689923
46876.50     0.04312807
46876.60     0.05781361
46876.70     0.01442382
46876.80    -0.06682726
46876.90    -0.15125884
46877.00    -0.00020018
46877.10    -0.06934119
46877.20    -0.11014323
46877.30    -0.14393573
46877.40    -0.03030760
46877.50    -0.06201437
46877.60    -0.10309456
46877.70    -0.06639921
46877.80    -0.10707183
46877.90    -0.01336462
46878.00    -0.05929783
46878.10    -0.07591859
46878.20     0.02749277
46878.30    -0.08348873
46878.40    -0.07751487
46878.50    -0.12748703
46878.60     0.07819921
46878.70    -0.06095688
46878.80    -0.01988055
46878.90    -0.11883070
46879.00    -0.01308854
46879.10    -0.06762033
46879.20    -0.01677036
46879.30    -0.01838692
46879.40    -0.06761094
46879.50    -0.04235069
46879.60     0.00114559
46879.70     0.04079232
46879.80     0.06464013
46879.90     0.02535461
46880.00     0.06014104
46880.10    -0.06454019
46880.20     0.02463957
46880.30     0.05278545
46880.40    -0.06621937
46880.50    -0.07512121
46880.60    -0.06181097
46880.70     0.00890009
46880.80     0.01964635
46880.90    -0.10667423
46881.00    -0.12021927
46881.10    -0.09617212
46881.20    -0.19172077
46881.30    -0.10119218
46881.40    -0.17635900
46881.50    -0.04316015
46881.60     0.04183540
46881.70    -0.43977463
46881.80    -0.33570018
46881.90    -0.14543433
46882.00     0.19292076
46882.10    -0.11893647
46882.20     0.13637006
46882.30    -0.10440154
46882.40    -0.16526385
46882.50    -0.15393558
46882.60    -0.13211644
46882.70    -0.10947993
46882.80    -0.20101589
46882.90    -0.13520847
46883.00    -0.13371910
46883.10    -0.11458829
46883.20    -0.08299103
46883.30    -0.01026191
46883.40    -0.05688240
46883.50    -0.01633490
46883.60    -0.07139369
46883.70    -0.08384454
46883.80    -0.01515954
46883.90     0.03160271
46884.00     0.01073528
46884.10    -0.02092987
46884.20     0.03023212
46884.30    -0.01277210
46884.40    -0.04508356
46884.50    -0.07668614
46884.60    -0.10394444
46884.70    -0.07599789
46884.80    -0.07955416
46884.90    -0.09605478
46885.00     0.03819949
46885.10    -0.06551999
46885.20    -0.06275100
46885.30    -0.01427115
46885.40    -0.04623952
46885.50    -0.06770007
46885.60     0.00016881
46885.70    -0.01053001
46885.80     0.05908978
46885.90     0.08374975
46886.00     0.00159541
46886.10     0.03719022
46886.20     0.03917190
46886.30     0.07760113
46886.40     0.00161888
46886.50     0.03032468
46886.60     0.10643484
46886.70    -0.03683502
46886.80     0.03274134
46886.90     0.02966933
46887.00     0.12892658
46887.10     0.07591876
46887.20     0.07660399
46887.30     0.10513166
46887.40     0.14306726
46887.50     0.14319833
46887.60     0.13203329
46887.70     0.13294047
46887.80     0.13179964
46887.90     0.06925647
46888.00     0.09822442
46888.10     0.11396946
46888.20     0.13313965
46888.30     0.05201547
46888.40     0.06009068
46888.50     0.01160112
46888.60     0.06965517
46888.70     0.02511715
46888.80     0.01125561
46888.90     0.04818849
46889.00     0.13579960
46889.10     0.07410228
46889.20     0.05062995
46889.30     0.06467789
46889.40     0.03896803
46889.50     0.08980985
46889.60     0.12208211
46889.70     0.11124869
46889.80     0.18603285
46889.90     0.16510655
46890.00     0.15933484
46890.10     0.16225038
46890.20     0.18807968
46890.30     0.19338581
46890.40     0.25255123
46890.50     0.15463901
46890.60     0.16189735
46890.70     0.18604390
46890.80     0.15829498
46890.90     0.15835087
46891.00     0.13953556
46891.10     0.12143679
46891.20     0.14613223
46891.30     0.14764522
46891.40     0.18650128
46891.50     0.11121242
46891.60     0.20785415
46891.70     0.12615879
46891.80     0.17406936
46891.90     0.13414098
46892.00     0.08799981
46892.10     0.16525960
46892.20     0.15956749
46892.30     0.21714094
46892.40     0.15583108
46892.50     0.16827057
46892.60     0.13979496
46892.70     0.19321164
46892.80     0.19796538
46892.90     0.18577139
46893.00     0.19222972
46893.10     0.21995400
46893.20     0.17741382
46893.30     0.21741550
46893.40     0.17809525
46893.50     0.28447446
46893.60     0.27002463
46893.70     0.31923649
46893.80     0.24424924
46893.90     0.23499618
46894.00     0.26795679
46894.10     0.22090878
46894.20     0.22066142
46894.30     0.14023693
46894.40     0.27051547
46894.50     0.21582338
46894.60     0.24863483
46894.70     0.20449395
46894.80     0.28873685
46894.90     0.25660962
46895.00     0.24266551
46895.10     0.28501382
46895.20     0.22438194
46895.30     0.30193281
46895.40     0.28320780
46895.50     0.32547966
46895.60     0.34917074
46895.70     0.30702537
46895.80     0.37178203
46895.90     0.31500852
46896.00     0.27216443
46896.10     0.34944850
46896.20     0.24254398
46896.30     0.25821042
46896.40     0.24343662
46896.50     0.17687814
46896.60     0.33267790
46896.70     0.26517758
46896.80     0.23880184
46896.90     0.23566613
46897.00     0.21621644
46897.10     0.23841877
46897.20     0.12102028
46897.30     0.22622485
46897.40     0.22829388
46897.50     0.23116131
46897.60     0.23290078
46897.70     0.25483537
46897.80     0.25748873
46897.90     0.23507756
46898.00     0.24225970
46898.10     0.41529167
46898.20     0.32864025
46898.30     0.29190215
46898.40     0.23704618
46898.50     0.28568262
46898.60     0.27801824
46898.70     0.28833777
46898.80     0.26362109
46898.90     0.28754085
46899.00     0.28657240
46899.10     0.30397844
46899.20     0.25721681
46899.30     0.22071494
46899.40     0.22792308
46899.50     0.25561377
46899.60     0.19435857
46899.70     0.16970627
46899.80     0.17788978
46899.90     0.08693009
46900.00     0.23864993
46900.10     0.21466097
46900.20     0.18059301
46900.30     0.19741629
46900.40     0.21347202
46900.50     0.18807137
46900.60     0.19658938
46900.70     0.25304565
46900.80     0.20914389
46900.90     0.27471441
46901.00     0.23769541
46901.10     0.28758502
46901.20     0.26940057
46901.30     0.25834838
46901.40     0.25038168
46901.50     0.25202167
46901.60     0.22800443
46901.70     0.30056325
46901.80     0.26799953
46901.90     0.28586391
46902.00     0.31749767
46902.10     0.27131999
46902.20     0.29178715
46902.30     0.29090014
46902.40     0.28064847
46902.50     0.26778769
46902.60     0.29194027
46902.70     0.30172330
46902.80     0.28071871
46902.90     0.25915465
46903.00     0.22992843
46903.10     0.20747139
46903.20     0.24587594
46903.30     0.23454757
46903.40     0.22053486
46903.50     0.20957907
46903.60     0.21361454
46903.70     0.19008970
46903.80     0.32759619
46903.90     0.22885050
46904.00     0.13217078
46904.10     0.11928619
46904.20     0.15883832
46904.30     0.12854934
46904.40     0.16182651
46904.50     0.14478150
46904.60     0.16626635
46904.70     0.10705636
46904.80     0.16843243
46904.90     0.13973525
46905.00     0.14629354
46905.10     0.17991140
46905.20     0.18216567
46905.30     0.17729039
46905.40     0.22515553
46905.50     0.21463679
46905.60     0.21893066
46905.70     0.19413193
46905.80     0.22441858
46905.90     0.20475850
46906.00     0.19162157
46906.10     0.16479424
46906.20     0.14595726
46906.30     0.14061318
46906.40     0.20903698
46906.50     0.18703327
46906.60     0.13045676
46906.70     0.13281545
46906.80     0.13868979
46906.90     0.13301305
46907.00    -0.01026664
46907.10     0.07946385
46907.20     0.07255274
46907.30    -0.01049713
46907.40     0.04146964
46907.50     0.00457634
46907.60     0.07497910
46907.70     0.12961082
46907.80     0.06176163
46907.90     0.01167350
46908.00     0.10681371
46908.10     0.11016653
46908.20     0.04904456
46908.30     0.02075971
46908.40     0.02179224
46908.50     0.05572499
46908.60     0.05276960
46908.70     0.03864304
46908.80     0.13049832
46908.90     0.14187288
46909.00     0.11174113
46909.10     0.03288106
46909.20     0.01008215
46909.30     0.03480225
46909.40     0.06025787
46909.50    -0.00790373
46909.60     0.05355089
46909.70     0.08079091
46909.80     0.09638128
46909.90     0.06899646
46910.00     0.10073800
46910.10     0.08164600
46910.20     0.07695945
46910.30     0.06560905
46910.40     0.06066395
46910.50     0.06563068
46910.60     0.03156910
46910.70     0.04151369
46910.80     0.04753728
46910.90     0.02732776
46911.00     0.03869500
46911.10     0.02385560
46911.20     0.00995014
46911.30     0.01112616
46911.40    -0.01919464
46911.50     0.02030458
46911.60     0.00243959
46911.70     0.05750858
46911.80    -0.05263064
46911.90    -0.01583243
46912.00    -0.01977766
46912.10     0.03928209
46912.20    -0.06267868
46912.30    -0.05811878
46912.40    -0.00279532
46912.50    -0.01271972
46912.60    -0.03708681
46912.70    -0.03948941
46912.80    -0.02771959
46912.90    -0.05163044
46913.00    -0.05868013
46913.10    -0.09948102
46913.20    -0.04411749
46913.30    -0.03302412
46913.40    -0.08278513
46913.50    -0.06756540
46913.60     0.02219497
46913.70    -0.09481260
46913.80    -0.10948821
46913.90    -0.06043613
46914.00    -0.07082346
46914.10    -0.08448904
46914.20    -0.11758699
46914.30    -0.07407305
46914.40    -0.12321074
46914.50    -0.06397758
46914.60    -0.14816579
46914.70    -0.08992642
46914.80    -0.07867938
46914.90    -0.05012800
46915.00    -0.04562468
46915.10    -0.01814979
46915.20     0.00108762
46915.30     0.01365322
46915.40     0.00617676
46915.50     0.00998833
46915.60    -0.00239445
46915.70     0.00827838
46915.80     0.02578824
46915.90     0.03258274
46916.00     0.02326879
46916.10     0.00971151
46916.20     0.03092149
46916.30     0.01932201
46916.40     0.02793277
46916.50     0.02665742
46916.60     0.00364804
46916.70    -0.02355272
46916.80     0.01842428
46916.90     0.00954632
46917.00    -0.00634840
46917.10     0.02011642
46917.20     0.04428688
46917.30     0.07171595
46917.40     0.08738359
46917.50     0.07511686
46917.60     0.08093598
46917.70     0.08850531
46917.80     0.06238909
46917.90     0.08929094
46918.00     0.05699032
46918.10     0.03043158
46918.20     0.01013881
46918.30     0.05708484
46918.40     0.04413805
46918.50     0.02061509
46918.60     0.06414457
46918.70     0.02610388
46918.80     0.02425606
46918.90     0.02925313
46919.00     0.04848154
46919.10     0.00192035
46919.20     0.03357712
46919.30     0.05115030
46919.40     0.03919087
46919.50     0.03529909
46919.60     0.04026357
46919.70     0.03231776
46919.80     0.06100075
46919.90     0.03200794
46920.00     0.02369254
46920.10     0.06650238
46920.20     0.09974343
46920.30     0.09829257
46920.40     0.09638681
46920.50     0.13277154
46920.60     0.09368125
46920.70     0.14583892
46920.80     0.14477783
46920.90     0.11482928
46921.00     0.03655772
46921.10     0.13526925
46921.20     0.16241443
46921.30     0.11293262
46921.40     0.08573481
46921.50     0.09468348
46921.60     0.19105333
46921.70     0.21335070
46921.80     0.19009283
46921.90     0.11381713
46922.00     0.13720545
46922.10     0.21694778
46922.20     0.19744182
46922.30     0.19817428
46922.40     0.22445841
46922.50     0.20323181
46922.60     0.21473552
46922.70     0.24794841
46922.80     0.24375093
46922.90     0.30592036
46923.00     0.26436836
46923.10     0.21103261
46923.20     0.23339033
46923.30     0.22914462
46923.40     0.22595505
46923.50     0.21591693
46923.60     0.22395909
46923.70     0.20100650
46923.80     0.23797986
46923.90     0.16507661
46924.00     0.26960757
46924.10     0.21800582
46924.20     0.31980330
46924.30     0.27413344
46924.40     0.31311926
46924.50     0.36963347
46924.60     0.25663248
46924.70     0.28945115
46924.80     0.26594746
46924.90     0.30763417
46925.00     0.19529621
46925.10     0.30731294
46925.20     0.24830917
46925.30     0.29787081
46925.40     0.37479770
46925.50     0.19524536
46925.60     0.24716169
46925.70     0.21010341
46925.80     0.24037474
46925.90     0.20018369
46926.00     0.19404712
46926.10     0.16854140
46926.20     0.14392614
46926.30     0.12030398
46926.40     0.13340876
46926.50     0.13322006
46926.60     0.09413021
46926.70     0.14199595
46926.80     0.07021499
46926.90     0.13006556
46927.00     0.13086852
46927.10     0.22695482
46927.20     0.23646593
46927.30     0.25348881
46927.40     0.13459955
46927.50     0.21648309
46927.60     0.15870595
46927.70     0.16171438
46927.80     0.19438522
46927.90     0.15790109
46928.00     0.21026242
46928.10     0.18414061
46928.20     0.17144851
46928.30     0.16391204
46928.40     0.14214930
46928.50     0.15297024
46928.60     0.15754457
46928.70     0.14725856
46928.80     0.15559393
46928.90     0.13081917
46929.00     0.14930274
46929.10     0.14949347
46929.20     0.13005787
46929.30     0.11588985
46929.40     0.12383073
46929.50     0.15701836
46929.60     0.15734728
46929.70     0.11176931
46929.80     0.14260927
46929.90     0.15678483
46930.00     0.14787400
46930.10     0.15626363
46930.20     0.14057051
46930.30     0.15418904
46930.40     0.18989390
46930.50     0.21214153
46930.60     0.20066862
46930.70     0.20372851
46930.80     0.21096984
46930.90     0.20810884
46931.00     0.20875925
46931.10     0.19628182
46931.20     0.18716371
46931.30     0.18811008
46931.40     0.16947564
46931.50     0.15947178
46931.60     0.15441905
46931.70     0.14196533
46931.80     0.16108771
46931.90     0.14793552
46932.00     0.15127172
46932.10     0.14147675
46932.20     0.15314277
46932.30     0.15995784
46932.40     0.14784493
46932.50     0.13627286
46932.60     0.16957924
46932.70     0.15127960
46932.80     0.16309562
46932.90     0.15939471
46933.00     0.14408928
46933.10     0.09544610
46933.20     0.09822915
46933.30     0.12199631
46933.40     0.12714425
46933.50     0.11395058
46933.60     0.14811832
46933.70     0.13145447
46933.80     0.20591809
46933.90     0.22365947
46934.00     0.19080907
46934.10     0.15586911
46934.20     0.19605507
46934.30     0.23528343
46934.40     0.21980132
46934.50     0.18185818
46934.60     0.17268494
46934.70     0.17462042
46934.80     0.15557165
46934.90     0.10474644
46935.00     0.11877903
46935.10     0.13960887
46935.20     0.12209912
46935.30     0.02205074
46935.40     0.06860001
46935.50     0.06774715
46935.60     0.01110408
46935.70     0.02482824
46935.80     0.02419665
46935.90     0.02541214
46936.00     0.09864114
46936.10     0.11345632
46936.20     0.10340515
46936.30     0.07470673
46936.40     0.09878914
46936.50     0.10919101
46936.60     0.09433511
46936.70     0.07695775
46936.80     0.12278000
46936.90     0.06204335
46937.00     0.08275399
46937.10     0.09783080
46937.20     0.03469767
46937.30     0.08959159
46937.40     0.09254333
46937.50     0.04520858
46937.60     0.00290013
46937.70     0.09303344
46937.80     0.05435277
46937.90     0.09642894
46938.00     0.02609603
46938.10     0.14580420
46938.20     0.02197251
46938.30     0.01762582
46938.40    -0.01798645
46938.50     0.04322271
46938.60     0.00547334
46938.70     0.02422285
46938.80    -0.05306783
46938.90     0.05584637
46939.00     0.11006179
46939.10     0.04974141
46939.20     0.06769086
46939.30     0.06017818
46939.40     0.02546871
46939.50     0.02690597
46939.60     0.05213314
46939.70     0.04073450
46939.80     0.06231133
46939.90    -0.00528008
46940.00     0.03252069
46940.10     0.00599361
46940.20    -0.02510708
46940.30    -0.01295844
46940.40    -0.02801700
46940.50    -0.01932766
46940.60    -0.01791721
46940.70    -0.00980379
46940.80    -0.02098355
46940.90    -0.02720141
46941.00    -0.01026449
46941.10    -0.01772712
46941.20     0.01355598
46941.30     0.03625807
46941.40     0.05318819
46941.50     0.04445374
46941.60     0.12179980
46941.70     0.07549021
46941.80     0.11626630
46941.90     0.07108136
46942.00     0.08700739
46942.10     0.08987570
46942.20     0.07785203
46942.30     0.13087840
46942.40     0.06166122
46942.50     0.07174779
46942.60     0.02818336
46942.70     0.03288035
46942.80     0.09373928
46942.90     0.10187694
46943.00     0.14138518
46943.10     0.05964850
46943.20     0.06947570
46943.30     0.03851271
46943.40     0.11518861
46943.50     0.18931876
46943.60     0.13507345
46943.70     0.10980097
46943.80     0.05291988
46943.90     0.13112925
46944.00     0.09029102
46944.10     0.03919422
46944.20     0.06143073
46944.30     0.12093143
46944.40    -0.00748025
46944.50     0.00090962
46944.60     0.02121680
46944.70     0.18029605
46944.80    -0.01816998
46944.90     0.12263461
46945.00     0.01958405
46945.10     0.07553583
46945.20     0.11648583
46945.30     0.00508766
46945.40     0.05463707
46945.50     0.05266569
46945.60     0.07904825
46945.70     0.03793602
46945.80     0.03691801
46945.90     0.07549874
46946.00     0.07412616
46946.10     0.04924642
46946.20     0.12222543
46946.30     0.03751164
46946.40     0.10556284
46946.50     0.12845039
46946.60     0.02103233
46946.70     0.03971174
46946.80     0.08054283
46946.90     0.10029727
46947.00     0.12046780
46947.10     0.13193248
46947.20     0.09990848
46947.30     0.20749500
46947.40     0.04643855
46947.50     0.05830134
46947.60     0.18636794
46947.70     0.18866388
46947.80     0.05948232
46947.90     0.16960061
46948.00     0.14804764
46948.10     0.18365380
46948.20     0.11768749
46948.30     0.21501864
46948.40     0.19341435
46948.50     0.17651869
46948.60     0.19740550
46948.70     0.17740871
46948.80     0.12664473
46948.90     0.15771286
46949.00     0.10630143
46949.10     0.10985333
46949.20     0.13947955
46949.30     0.12599266
46949.40     0.12116093
46949.50     0.08371945
46949.60     0.06108647
46949.70     0.08362805
46949.80     0.11032203
46949.90     0.11445009
46950.00     0.10190875
46950.10     0.16431451
46950.20     0.12373572
46950.30     0.10848579
46950.40     0.08376921
46950.50     0.10995528
46950.60     0.11835482
46950.70     0.09395630
46950.80     0.07733025
46950.90     0.04394880
46951.00    -0.02473120
46951.10    -0.17371023
46951.20    -0.03887374
46951.30     0.15386437
46951.40     0.20467259
46951.50     0.09426464
46951.60     0.13036774
46951.70     0.06069341
46951.80     0.20804594
46951.90     0.16920233
46952.00     0.17535353
46952.10     0.10537376
46952.20    -0.02137328
46952.30     0.03004062
46952.40     0.21721290
46952.50     0.28406131
46952.60     0.07172525
46952.70     0.14845426
46952.80     0.17613080
46952.90     0.22106932
46953.00     0.25672922
46953.10     0.21358089
46953.20     0.22293352
46953.30    -0.05302923
46953.40     0.29387712
46953.50     0.08780828
46953.60     0.23150997
46953.70     0.27616954
46953.80     0.28579494
46953.90     0.33511823
46954.00     0.24857841
46954.10     0.14567849
46954.20     0.23611918
46954.30     0.26283026
46954.40     0.19193467
46954.50     0.25321624
46954.60     0.23337314
46954.70     0.20991836
46954.80     0.19970171
46954.90     0.31585059
46955.00     0.18397352
46955.10     0.22767355
46955.20     0.24112611
46955.30     0.04053943
46955.40     0.14584538
46955.50     0.08604869
46955.60     0.20140912
46955.70     0.17353982
46955.80     0.19895881
46955.90     0.13982588
46956.00     0.18674383
46956.10     0.20148858
46956.20     0.21219876
46956.30     0.20465450
46956.40     0.22881116
46956.50     0.31512335
46956.60     0.20424943
46956.70     0.37152916
46956.80     0.15482517
46956.90     0.20530401
46957.00     0.16755401
46957.10     0.14529471
46957.20     0.21398328
46957.30     0.22088104
46957.40     0.17155731
46957.50     0.25837341
46957.60     0.26905942
46957.70     0.27320901
46957.80     0.29283747
46957.90     0.31442681
46958.00     0.30873263
46958.10     0.23616594
46958.20     0.27594009
46958.30     0.30062640
46958.40     0.22971810
46958.50     0.31386310
46958.60     0.12064718
46958.70     0.22938353
46958.80     0.24921422
46958.90     0.22397943
46959.00     0.25754496
46959.10     0.22616552
46959.20     0.32281041
46959.30     0.27359286
46959.40     0.28696388
46959.50     0.28085005
46959.60     0.30951822
46959.70     0.28804302
46959.80     0.30625385
46959.90     0.23178364
46960.00     0.26514059
46960.10     0.23114464
46960.20     0.22897647
46960.30     0.29883665
46960.40     0.19055176
46960.50     0.21308549
46960.60     0.19286583
46960.70     0.21241456
46960.80     0.16512185
46960.90     0.16896948
46961.00     0.16765213
46961.10     0.15009247
46961.20     0.18133627
46961.30     0.16292103
46961.40     0.15727350
46961.50     0.12678693
46961.60     0.10099124
46961.70     0.06718664
46961.80     0.06464937
46961.90     0.06056571
46962.00     0.09607592
46962.10     0.02219635
46962.20     0.09989272
46962.30     0.08648924
46962.40     0.16904075
46962.50     0.09756913
46962.60     0.10669390
46962.70     0.10292305
46962.80     0.17886861
46962.90     0.12301396
46963.00     0.14126667
46963.10     0.07762813
46963.20     0.22136176
46963.30     0.11699867
46963.40     0.10244884
46963.50     0.07028177
46963.60     0.16604969
46963.70     0.05823684
46963.80    -0.02464905
46963.90    -0.03628124
46964.00     0.05386823
46964.10    -0.01574825
46964.20     0.14622246
46964.30     0.10881669
46964.40     0.08316506
46964.50     0.00952458
46964.60     0.02846726
46964.70     0.00303105
46964.80     0.04424584
46964.90     0.08237612
46965.00     0.03618870
46965.10    -0.02161925
46965.20    -0.04825390
46965.30     0.00899390
46965.40     0.00418240
46965.50    -0.02295715
46965.60    -0.03331788
46965.70    -0.07326262
46965.80     0.01481244
46965.90    -0.00823689
46966.00     0.05847342
46966.10    -0.04270026
46966.20     0.02447209
46966.30    -0.01451513
46966.40     0.01615073
46966.50    -0.10221267
46966.60    -0.09914842
46966.70    -0.08841025
46966.80    -0.01186410
46966.90    -0.05990824
46967.00    -0.03092312
46967.10    -0.05716068
46967.20    -0.14346424
46967.30    -0.10585488
46967.40    -0.08800164
46967.50    -0.06248250
46967.60    -0.10878752
46967.70    -0.12836111
46967.80    -0.13729036
46967.90    -0.12535749
46968.00    -0.04375751
46968.10    -0.14103742
46968.20    -0.12165953
46968.30    -0.11857428
46968.40    -0.09156994
46968.50    -0.13561080
46968.60    -0.19350311
46968.70     0.01946336
46968.80    -0.14685947
46968.90    -0.13148077
46969.00    -0.19802970
46969.10    -0.08194008
46969.20    -0.07877325
46969.30    -0.07127734
46969.40    -0.17640531
46969.50    -0.09209134
46969.60    -0.04487365
46969.70    -0.00118341
46969.80    -0.07239902
46969.90    -0.01345790
46970.00    -0.07598362
46970.10    -0.28537011
46970.20    -0.00514261
46970.30    -0.18126173
46970.40    -0.17249607
46970.50    -0.11490077
46970.60    -0.04981388
46970.70    -0.14996766
46970.80    -0.11492100
46970.90    -0.10561337
46971.00    -0.17715509
46971.10    -0.19831422
46971.20    -0.27659312
46971.30    -0.20431362
46971.40    -0.24081524
46971.50    -0.16189969
46971.60    -0.24167381
46971.70    -0.15299727
46971.80    -0.11679433
46971.90    -0.09631372
46972.00    -0.16352762
46972.10    -0.26660877
46972.20    -0.31516474
46972.30    -0.23456781
46972.40    -0.20586942
46972.50    -0.22138974
46972.60    -0.25307122
46972.70    -0.19272587
46972.80    -0.21684442
46972.90    -0.16417865
46973.00    -0.21916233
46973.10    -0.26396969
46973.20    -0.21053451
46973.30    -0.21778077
46973.40    -0.27589208
46973.50    -0.00196482
46973.60    -0.13132969
46973.70    -0.13350625
46973.80    -0.19867469
46973.90    -0.16356531
46974.00    -0.19964434
46974.10    -0.14692806
46974.20    -0.13390467
46974.30    -0.08381263
46974.40    -0.15419635
46974.50    -0.10167596
46974.60    -0.17213051
46974.70    -0.11778772
46974.80    -0.11204893
46974.90    -0.22471698
46975.00    -0.14107460
46975.10    -0.10200286
46975.20    -0.13196555
46975.30    -0.11679393
46975.40    -0.14577639
46975.50    -0.07779092
46975.60    -0.00565577
46975.70    -0.01673087
46975.80    -0.06334467
46975.90    -0.02878219
46976.00    -0.04647803
46976.10     0.05720164
46976.20    -0.12581594
46976.30    -0.03310899
46976.40    -0.07428167
46976.50    -0.08580911
46976.60    -0.04161766
46976.70    -0.01507480
46976.80    -0.07935271
46976.90     0.10352177
46977.00    -0.21096972
46977.10    -0.14661935
46977.20    -0.10582452
46977.30    -0.00646090
46977.40    -0.08983278
46977.50    -0.06948606
46977.60    -0.03850837
46977.70     0.02516973
46977.80     0.10934100
46977.90     0.04138744
46978.00     0.04274323
46978.10    -0.04713609
46978.20    -0.02644152
46978.30     0.01287183
46978.40     0.08512723
46978.50     0.11760751
46978.60     0.14302447
46978.70    -0.02554349
46978.80     0.11779290
46978.90     0.11519449
46979.00     0.15054397
46979.10     0.08506297
46979.20     0.11479070
46979.30     0.04276782
46979.40     0.14344122
46979.50     0.00478066
46979.60    -0.12803930
46979.70     0.00806700
46979.80     0.08912226
46979.90    -0.03949500
46980.00    -0.01680256
46980.10     0.05934813
46980.20     0.01409095
46980.30     0.11008307
46980.40     0.11530925
46980.50     0.13380331
46980.60     0.18805671
46980.70     0.21588124
46980.80     0.08234961
46980.90     0.08449619
46981.00     0.07620715
46981.10     0.04757824
46981.20     0.06939311
46981.30     0.04708795
46981.40     0.12081362
46981.50     0.06630095
46981.60     0.11618709
46981.70     0.14207299
46981.80     0.16907069
46981.90     0.09420987
46982.00     0.14990629
46982.10     0.15801737
46982.20     0.15850621
46982.30     0.14761190
46982.40     0.20791401
46982.50     0.13827689
46982.60     0.12579280
46982.70     0.09269239
46982.80     0.17650144
46982.90     0.04696815
46983.00     0.15315901
46983.10     0.08868662
46983.20     0.11332858
46983.30     0.15384032
46983.40     0.14187348
46983.50     0.18067682
46983.60     0.06960469
46983.70     0.09637228
46983.80     0.11784412
46983.90     0.09062201
46984.00     0.14433232
46984.10     0.05828990
46984.20     0.12553145
46984.30     0.10343185
46984.40     0.07798574
46984.50     0.10102724
46984.60     0.12617685
46984.70     0.05812175
46984.80     0.12639596
46984.90     0.17191343
46985.00     0.16376492
46985.10     0.17166282
46985.20     0.18461320
46985.30     0.11319045
46985.40     0.10540690
46985.50     0.09444646
46985.60     0.11574088
46985.70     0.11688423
46985.80     0.19794859
46985.90     0.13534553
46986.00     0.14044930
46986.10     0.12131491
46986.20     0.14364918
46986.30     0.17065445
46986.40     0.12200551
46986.50     0.06467133
46986.60     0.12133780
46986.70     0.13059175
46986.80     0.10184939
46986.90     0.13799956
46987.00     0.03512726
46987.10     0.03937761
46987.20     0.06791504
46987.30     0.10118079
46987.40     0.12102547
46987.50     0.02171690
46987.60     0.07604645
46987.70     0.02531617
46987.80     0.03288822
46987.90     0.03151260
46988.00     0.02452479
46988.10     0.02852306
46988.20     0.02660829
46988.30     0.02965966
46988.40     0.03420738
46988.50     0.06456263
46988.60     0.00568795
46988.70     0.11013484
46988.80     0.12443224
46988.90    -0.00994364
46989.00    -0.05423144
46989.10    -0.02049318
46989.20     0.03030176
46989.30     0.06583069
46989.40     0.08114416
46989.50     0.07473856
46989.60     0.01676144
46989.70     0.06058927
46989.80    -0.00290982
46989.90     0.04774927
46990.00     0.08329102
46990.10     0.05170298
46990.20     0.05330135
46990.30     0.06226800
46990.40     0.05086256
46990.50     0.07825908
46990.60     0.11049801
46990.70     0.10153427
46990.80     0.02631947
46990.90     0.04432413
46991.00     0.05441863
46991.10     0.03613859
46991.20     0.02190745
46991.30     0.03760105
46991.40     0.04842800
46991.50     0.04406501
46991.60     0.05175688
46991.70     0.04530694
46991.80     0.05723521
46991.90     0.04502090
46992.00     0.04021383
46992.10     0.01052948
46992.20     0.09210242
46992.30     0.03684171
46992.40     0.06215980
46992.50     0.03738137
46992.60     0.02984934
46992.70     0.00444076
46992.80    -0.02104099
46992.90    -0.04107401
46993.00    -0.02580289
46993.10    -0.00942872
46993.20    -0.05991426
46993.30     0.01276811
46993.40     0.05616500
46993.50    -0.02320363
46993.60     0.05741015
46993.70     0.05132786
46993.80     0.02792091
46993.90     0.03085738
46994.00     0.03733614
46994.10     0.04003410
46994.20     0.00963140
46994.30    -0.02078952
46994.40     0.02316084
46994.50     0.04832134
46994.60    -0.00029696
46994.70     0.01186822
46994.80     0.00720088
46994.90     0.02317655
46995.00     0.04711583
46995.10     0.08237351
46995.20     0.03731684
46995.30     0.04621205
46995.40    -0.00380694
46995.50    -0.00748765
46995.60     0.01414610
46995.70     0.03214150
46995.80     0.02427630
46995.90     0.03540444
46996.00     0.03138711
46996.10     0.08155339
46996.20     0.07823273
46996.30     0.07389341
46996.40     0.03983246
46996.50     0.08311165
46996.60     0.02290319
46996.70     0.09546106
46996.80     0.04070896
46996.90     0.02429382
46997.00     0.05297138
46997.10     0.05912791
46997.20     0.04805805
46997.30     0.03865566
46997.40     0.05970270
46997.50     0.08858032
46997.60     0.01256365
46997.70     0.00043668
46997.80     0.08446237
46997.90     0.07069717
46998.00     0.06385948
46998.10     0.05660075
46998.20     0.05384079
46998.30     0.07419047
46998.40     0.03981285
46998.50     0.05235662
46998.60     0.05668654
46998.70     0.05719206
46998.80     0.07474250
46998.90     0.05694398
46999.00     0.01483604
46999.10     0.01114625
46999.20     0.02049857
46999.30     0.04198841
46999.40     0.06465899
46999.50     0.09823240
46999.60     0.08582934
46999.70     0.10878955
46999.80     0.10730330
46999.90     0.08931008
47000.00     0.07564212
47000.10     0.13739452
47000.20     0.15422490
47000.30     0.13565087
47000.40     0.16988482
47000.50     0.17381644
47000.60     0.15180318
47000.70     0.14493428
47000.80     0.12427849
47000.90     0.18658268
47001.00     0.18475132
47001.10     0.13869789
47001.20     0.18032956
47001.30     0.15977587
47001.40     0.13823502
47001.50     0.14603297
47001.60     0.15139629
47001.70     0.18446288
47001.80     0.17737415
47001.90     0.12089518
47002.00     0.13489458
47002.10     0.16739589
47002.20     0.13318226
47002.30     0.17792501
47002.40     0.13434480
47002.50     0.17908737
47002.60     0.20151320
47002.70     0.12816836
47002.80     0.16509292
47002.90     0.17258213
47003.00     0.19178243
47003.10     0.19180103
47003.20     0.20119995
47003.30     0.16943888
47003.40     0.23200946
47003.50     0.11138371
47003.60     0.15465724
47003.70     0.14051031
47003.80     0.16246501
47003.90     0.24348029
47004.00     0.19325930
47004.10     0.19627240
47004.20     0.25928262
47004.30     0.21387832
47004.40     0.20479140
47004.50     0.14641108
47004.60     0.22085996
47004.70     0.17847942
47004.80     0.26416379
47004.90     0.25959337
47005.00     0.20380278
47005.10     0.24120300
47005.20     0.28234103
47005.30     0.27299446
47005.40     0.33230382
47005.50     0.19747426
47005.60     0.29523802
47005.70     0.30834430
47005.80     0.27868924
47005.90     0.26114631
47006.00     0.27562496
47006.10     0.28971729
47006.20     0.28914174
47006.30     0.33900008
47006.40     0.22259456
47006.50     0.29484522
47006.60     0.24320786
47006.70     0.26383209
47006.80     0.33287308
47006.90     0.35306385
47007.00     0.43509331
47007.10     0.40439999
47007.20     0.34745350
47007.30     0.42815727
47007.40     0.36051032
47007.50     0.41428998
47007.60     0.42608842
47007.70     0.40241796
47007.80     0.36767447
47007.90     0.34306565
47008.00     0.38900182
47008.10     0.40432477
47008.20     0.35722384
47008.30     0.38137865
47008.40     0.29468051
47008.50     0.30803111
47008.60     0.35493568
47008.70     0.34851360
47008.80     0.31037363
47008.90     0.35624921
47009.00     0.34135744
47009.10     0.38708562
47009.20     0.35748336
47009.30     0.40032887
47009.40     0.36282820
47009.50     0.38603330
47009.60     0.41010559
47009.70     0.44212344
47009.80     0.33875617
47009.90     0.42979300
47010.00     0.38931683
47010.10     0.32122022
47010.20     0.47036508
47010.30     0.30875745
47010.40     0.30862647
47010.50     0.35238105
47010.60     0.35693046
47010.70     0.35336864
47010.80     0.33807275
47010.90     0.30169067
47011.00     0.34689716
47011.10     0.27981302
47011.20     0.40914658
47011.30     0.30298045
47011.40     0.33756736
47011.50     0.32764450
47011.60     0.32315060
47011.70     0.29518661
47011.80     0.30141246
47011.90     0.30537367
47012.00     0.35643196
47012.10     0.24583134
47012.20     0.28693986
47012.30     0.29071534
47012.40     0.29322723
47012.50     0.26720399
47012.60     0.27971148
47012.70     0.25979090
47012.80     0.25171649
47012.90     0.30639720
47013.00     0.21511573
47013.10     0.27788341
47013.20     0.19160800
47013.30     0.20109239
47013.40     0.12713562
47013.50     0.28890446
47013.60     0.32662481
47013.70     0.19843686
47013.80     0.17971888
47013.90     0.21275495
47014.00     0.19039744
47014.10     0.20894836
47014.20     0.20110604
47014.30     0.18400782
47014.40     0.22503883
47014.50     0.22395046
47014.60     0.26146948
47014.70     0.20581923
47014.80     0.20517500
47014.90     0.17647672
47015.00     0.24344286
47015.10     0.22653380
47015.20     0.25562751
47015.30     0.24402553
47015.40     0.29312447
47015.50     0.27685598
47015.60     0.25026199
47015.70     0.21282130
47015.80     0.27035081
47015.90     0.25562102
47016.00     0.21126443
47016.10     0.26990524
47016.20     0.22480227
47016.30     0.17800839
47016.40     0.22692642
47016.50     0.21573432
47016.60     0.26462722
47016.70     0.25342888
47016.80     0.22813036
47016.90     0.30210993
47017.00     0.32485521
47017.10     0.30104744
47017.20     0.32867804
47017.30     0.35197201
47017.40     0.38217556
47017.50     0.33007374
47017.60     0.31762126
47017.70     0.30972224
47017.80     0.31927565
47017.90     0.34907019
47018.00     0.27931821
47018.10     0.32395178
47018.20     0.29740906
47018.30     0.31149191
47018.40     0.32721812
47018.50     0.29316247
47018.60     0.27495641
47018.70     0.26039895
47018.80     0.28659159
47018.90     0.30245674
47019.00     0.32547522
47019.10     0.32611725
47019.20     0.29716435
47019.30     0.31670937
47019.40     0.33108941
47019.50     0.33874986
47019.60     0.34592202
47019.70     0.36070195
47019.80     0.32982212
47019.90     0.31359431
47020.00     0.29236344
47020.10     0.32130170
47020.20     0.31073451
47020.30     0.30849630
47020.40     0.32500783
47020.50     0.39091298
47020.60     0.34326673
47020.70     0.33341211
47020.80     0.34759200
47020.90     0.32804859
47021.00     0.32091627
47021.10     0.37961802
47021.20     0.35348573
47021.30     0.32089716
47021.40     0.33309439
47021.50     0.33228564
47021.60     0.34846151
47021.70     0.37306258
47021.80     0.33826539
47021.90     0.34783718
47022.00     0.38237870
47022.10     0.35530701
47022.20     0.36966693
47022.30     0.33125970
47022.40     0.36048025
47022.50     0.32153493
47022.60     0.31613770
47022.70     0.33383811
47022.80     0.30515826
47022.90     0.27618471
47023.00     0.25910518
47023.10     0.22091328
47023.20     0.20080063
47023.30     0.21440601
47023.40     0.25930804
47023.50     0.23891836
47023.60     0.25461492
47023.70     0.25859949
47023.80     0.26892582
47023.90     0.29123992
47024.00     0.28571081
47024.10     0.29066560
47024.20     0.28489891
47024.30     0.22476090
47024.40     0.25034177
47024.50     0.17148694
47024.60     0.17992586
47024.70     0.23720202
47024.80     0.19824909
47024.90     0.24644163
47025.00     0.20105183
47025.10     0.18910083
47025.20     0.21783820
47025.30     0.22165041
47025.40     0.19774792
47025.50     0.18630521
47025.60     0.20704359
47025.70     0.20700152
47025.80     0.15830290
47025.90     0.26141870
47026.00     0.20698556
47026.10     0.19915238
47026.20     0.25061038
47026.30     0.28088388
47026.40     0.13313113
47026.50     0.23772249
47026.60     0.26458627
47026.70     0.20715849
47026.80     0.31604600
47026.90     0.25150359
47027.00     0.30869734
47027.10     0.23555127
47027.20     0.23398662
47027.30     0.21948251
47027.40     0.24322151
47027.50     0.24695297
47027.60     0.24438253
47027.70     0.25429249
47027.80     0.24299756
47027.90     0.26429889
47028.00     0.22596872
47028.10     0.15712242
47028.20     0.15663637
47028.30     0.11530852
47028.40     0.14537260
47028.50     0.22448099
47028.60     0.18526918
47028.70     0.25194412
47028.80     0.30929261
47028.90     0.23312682
47029.00     0.24059735
47029.10     0.23693797
47029.20     0.18457106
47029.30     0.18224724
47029.40     0.21505339
47029.50     0.18376186
47029.60     0.10884298
47029.70     0.16690263
47029.80     0.19503520
47029.90     0.13905293
47030.00     0.21318716
47030.10     0.15597348
47030.20     0.18197398
47030.30     0.15509786
47030.40     0.15765716
47030.50     0.17030676
47030.60     0.18376510
47030.70     0.20721325
47030.80     0.16412456
47030.90     0.22203633
47031.00     0.20920539
47031.10     0.19797003
47031.20     0.12778614
47031.30     0.13335371
47031.40     0.17253517
47031.50     0.18415189
47031.60     0.16190815
47031.70     0.20082974
47031.80     0.21220037
47031.90     0.13843812
47032.00     0.21012017
47032.10     0.16642386
47032.20     0.19163737
47032.30     0.19248620
47032.40     0.17392066
47032.50     0.13877723
47032.60     0.16421606
47032.70     0.21329388
47032.80     0.21483545
47032.90     0.19427891
47033.00     0.20318703
47033.10     0.18482442
47033.20     0.16879269
47033.30     0.18529843
47033.40     0.18117264
47033.50     0.15272970
47033.60     0.13311251
47033.70     0.13543004
47033.80     0.15981261
47033.90     0.18680097
47034.00     0.21331917
47034.10     0.22081330
47034.20     0.21548276
47034.30     0.23319905
47034.40     0.10440253
47034.50     0.14258304
47034.60     0.14249848
47034.70     0.11147509
47034.80     0.10108922
47034.90     0.10306686
47035.00     0.13917804
47035.10     0.10137872
47035.20     0.10548614
47035.30     0.13447781
47035.40     0.11873131
47035.50     0.15554318
47035.60     0.14272642
47035.70     0.12912020
47035.80     0.09873074
47035.90     0.11193570
47036.00     0.12744056
47036.10     0.19109099
47036.20     0.15052724
47036.30     0.11334257
47036.40     0.11183196
47036.50     0.14739801
47036.60     0.13965584
47036.70     0.13452233
47036.80     0.09650236
47036.90     0.06339476
47037.00     0.10136468
47037.10     0.12655354
47037.20     0.06502187
47037.30     0.07521687
47037.40     0.08535636
47037.50     0.07829171
47037.60     0.06062374
47037.70     0.01923574
47037.80     0.11509115
47037.90     0.08144639
47038.00     0.07520795
47038.10     0.09960689
47038.20     0.10063260
47038.30     0.06498530
47038.40     0.04526239
47038.50     0.08087972
47038.60     0.09446032
47038.70     0.16316302
47038.80     0.12591180
47038.90     0.11536906
47039.00     0.06387665
47039.10     0.09757316
47039.20     0.06148867
47039.30    -0.05100945
47039.40     0.06365316
47039.50     0.03405785
47039.60     0.05498964
47039.70     0.05623375
47039.80     0.11967356
47039.90     0.00576614
47040.00     0.08441790
47040.10     0.13724856
47040.20     0.05775081
47040.30    -0.02516242
47040.40     0.19386521
47040.50    -0.01103851
47040.60     0.03716937
47040.70     0.02565359
47040.80     0.11329578
47040.90     0.11731093
47041.00     0.11708545
47041.10     0.07270730
47041.20     0.08899049
47041.30    -0.08630299
47041.40     0.16480722
47041.50     0.00051486
47041.60     0.13552222
47041.70     0.06000839
47041.80     0.05662264
47041.90     0.06267809
47042.00     0.16507384
47042.10     0.11742922
47042.20     0.07292301
47042.30     0.06682761
47042.40     0.17451701
47042.50     0.04092012
47042.60     0.07770153
47042.70     0.08943395
47042.80     0.08806439
47042.90     0.19025725
47043.00     0.22955798
47043.10     0.08971051
47043.20     0.22476552
47043.30     0.12488449
47043.40     0.12419337
47043.50     0.18646908
47043.60     0.18298818
47043.70     0.26898047
47043.80     0.17859124
47043.90     0.20938316
47044.00     0.18507268
47044.10     0.19071458
47044.20     0.17184779
47044.30     0.16353637
47044.40     0.17700690
47044.50     0.23732230
47044.60     0.15783454
47044.70     0.17807153
47044.80     0.23867552
47044.90     0.22647828
47045.00     0.19182520
47045.10     0.16736041
47045.20     0.14193586
47045.30     0.12924033
47045.40     0.16027190
47045.50     0.05587458
47045.60     0.11720224
47045.70     0.05682411
47045.80     0.13070303
47045.90     0.10271727
47046.00     0.09617557
47046.10     0.12632614
47046.20     0.11035443
47046.30     0.18336622
47046.40     0.09138340
47046.50     0.18944395
47046.60     0.16000628
47046.70     0.18949775
47046.80     0.08290790
47046.90     0.13639589
47047.00     0.10933120
47047.10     0.15272486
47047.20     0.11012213
47047.30     0.10545190
47047.40     0.11627891
47047.50     0.09759733
47047.60     0.15136173
47047.70     0.15278132
47047.80     0.16307952
47047.90     0.20733355
47048.00     0.18598130
47048.10     0.16086864
47048.20     0.15453993
47048.30     0.15415478
47048.40     0.18958575
47048.50     0.18457735
47048.60     0.15142320
47048.70     0.16414630
47048.80     0.17064556
47048.90     0.16351628
47049.00     0.18209064
47049.10     0.16279481
47049.20     0.15659566
47049.30     0.14312685
47049.40     0.11175893
47049.50     0.07741681
47049.60     0.07768438
47049.70     0.11287571
47049.80     0.10337345
47049.90     0.05617335
47050.00     0.08224524
47050.10     0.07879822
47050.20     0.07215368
47050.30     0.06444322
47050.40     0.06608585
47050.50     0.05040773
47050.60     0.03311618
47050.70     0.02814590
47050.80     0.00954796
47050.90    -0.00990669
47051.00     0.00605624
47051.10    -0.03543284
47051.20    -0.06865749
47051.30    -0.03489094
47051.40    -0.04874029
47051.50    -0.05398070
47051.60    -0.03890812
47051.70    -0.03550864
47051.80    -0.03495221
47051.90    -0.03071308
47052.00     0.00027086
47052.10    -0.02346591
47052.20    -0.00201514
47052.30    -0.01864284
47052.40    -0.01143977
47052.50    -0.00796869
47052.60     0.00168403
47052.70    -0.00703124
47052.80     0.01187910
47052.90    -0.05524089
47053.00     0.02353554
47053.10    -0.01937844
47053.20    -0.00028697
47053.30    -0.01578684
47053.40    -0.04558674
47053.50    -0.04786470
47053.60    -0.01850754
47053.70    -0.01842077
47053.80    -0.01073651
47053.90    -0.00837411
47054.00    -0.05983192
47054.10    -0.06460626
47054.20    -0.05234884
47054.30    -0.01005917
47054.40    -0.01490061
47054.50    -0.01660363
47054.60    -0.00993615
47054.70    -0.02133837
47054.80     0.01785230
47054.90     0.01100049
47055.00    -0.04916146
47055.10     0.02150938
47055.20     0.01327033
47055.30     0.04647486
47055.40     0.14825043
47055.50     0.09067883
47055.60     0.02587937
47055.70     0.08160567
47055.80     0.00537702
47055.90     0.09944962
47056.00     0.09254192
47056.10     0.06551636
47056.20     0.00769228
47056.30    -0.03783097
47056.40    -0.00916821
47056.50     0.02100963
47056.60     0.03663549
47056.70     0.06136211
47056.80     0.07727663
47056.90     0.07322605
47057.00     0.08608230
47057.10     0.10827434
47057.20     0.11342862
47057.30     0.09065492
47057.40     0.01919576
47057.50     0.06214514
47057.60     0.05390224
47057.70     0.05990099
47057.80     0.03628886
47057.90     0.06977455
47058.00     0.09514165
47058.10     0.05981661
47058.20     0.06083173
47058.30     0.07258473
47058.40     0.08091236
47058.50     0.08177196
47058.60     0.12078631
47058.70     0.09109010
47058.80     0.06380357
47058.90     0.09685294
47059.00     0.11723419
47059.10     0.12146737
47059.20     0.07638009
47059.30     0.09634992
47059.40     0.08893891
47059.50     0.07349889
47059.60     0.09617082
47059.70     0.05686409
47059.80     0.09544505
47059.90     0.07595882
47060.00     0.07784208
47060.10     0.04972187
47060.20     0.04529758
47060.30     0.03748532
47060.40     0.04765246
47060.50     0.04659751
47060.60     0.03980786
47060.70     0.02356995
47060.80     0.01914621
47060.90     0.04058524
47061.00     0.01513761
47061.10     0.04762126
47061.20     0.03169815
47061.30     0.03393533
47061.40     0.00409657
47061.50    -0.04287421
47061.60     0.02729828
47061.70     0.00613106
47061.80     0.03365939
47061.90    -0.00306566
47062.00     0.03826940
47062.10     0.00886743
47062.20     0.02311364
47062.30     0.04733676
47062.40     0.03930253
47062.50     0.03709637
47062.60     0.05124954
47062.70     0.06141393
47062.80     0.08196924
47062.90     0.10701407
47063.00     0.07065051
47063.10     0.13226405
47063.20     0.11370535
47063.30     0.09264809
47063.40     0.14501919
47063.50     0.12523139
47063.60     0.12679295
47063.70     0.15362075
47063.80     0.14552462
47063.90     0.14174868
47064.00     0.14946955
47064.10     0.13479199
47064.20     0.14195436
47064.30     0.15793021
47064.40     0.15875196
47064.50     0.13768074
47064.60     0.13678472
47064.70     0.13527314
47064.80     0.14072177
47064.90     0.12772427
47065.00     0.13405813
47065.10     0.13182281
47065.20     0.13351969
47065.30     0.13907140
47065.40     0.14965063
47065.50     0.15607287
47065.60     0.14665745
47065.70     0.13423604
47065.80     0.15528932
47065.90     0.12209749
47066.00     0.10309678
47066.10     0.11244763
47066.20     0.10276262
47066.30     0.11946185
47066.40     0.09236690
47066.50     0.11819166
47066.60     0.10078607
47066.70     0.09553210
47066.80     0.07647342
47066.90     0.07042358
47067.00     0.05829373
47067.10     0.03810078
47067.20     0.04658448
47067.30     0.03316010
47067.40     0.00600620
47067.50     0.02493847
47067.60     0.00796726
47067.70    -0.01149450
47067.80    -0.00230589
47067.90    -0.01964228
47068.00    -0.01868637
47068.10    -0.03532360
47068.20    -0.01747826
47068.30    -0.00902463
47068.40    -0.03512217
47068.50    -0.04081091
47068.60    -0.02056214
47068.70    -0.04770452
47068.80    -0.06224153
47068.90    -0.05584012
47069.00    -0.05701485
47069.10    -0.06656952
47069.20    -0.05712316
47069.30    -0.05912752
47069.40    -0.06116080
47069.50    -0.06576199
47069.60    -0.06559570
47069.70    -0.08485184
47069.80    -0.06170752
47069.90    -0.08745731
47070.00    -0.06996142
47070.10    -0.06131177
47070.20    -0.07182921
47070.30    -0.07017929
47070.40    -0.06242289
47070.50    -0.06513705
47070.60    -0.04637193
47070.70    -0.04561301
47070.80    -0.04196436
47070.90    -0.05436399
47071.00    -0.06496567
47071.10    -0.02658038
47071.20    -0.05155856
47071.30    -0.03852683
47071.40    -0.03774546
47071.50    -0.03629877
47071.60    -0.01723452
47071.70    -0.02666794
47071.80    -0.00704259
47071.90    -0.02117714
47072.00    -0.02320000
47072.10    -0.01750182
47072.20    -0.00222173
47072.30     0.00005404
47072.40    -0.02498965
47072.50    -0.03948503
47072.60    -0.04800502
47072.70    -0.02847816
47072.80    -0.06673602
47072.90    -0.04497267
47073.00    -0.07697251
47073.10    -0.04220445
47073.20    -0.02817698
47073.30    -0.03650376
47073.40    -0.05678372
47073.50    -0.03815981
47073.60    -0.09088043
47073.70    -0.06003064
47073.80    -0.04716580
47073.90    -0.07140930
47074.00    -0.07871955
47074.10    -0.04983503
47074.20    -0.05077583
47074.30    -0.05139125
47074.40    -0.06677555
47074.50    -0.06452446
47074.60    -0.09914563
47074.70    -0.05317252
47074.80    -0.07283574
47074.90    -0.03671577
47075.00    -0.04295994
47075.10    -0.02553968
47075.20    -0.04899591
47075.30    -0.04837431
47075.40    -0.04135396
47075.50    -0.04595544
47075.60    -0.08897022
47075.70    -0.04630778
47075.80    -0.05795002
47075.90    -0.04240260
47076.00    -0.03692140
47076.10    -0.01299757
47076.20    -0.01930082
47076.30    -0.04249133
47076.40    -0.10734921
47076.50    -0.08663519
47076.60    -0.07042096
47076.70    -0.15522990
47076.80    -0.05949450
47076.90    -0.07695635
47077.00    -0.05765356
47077.10    -0.10555077
47077.20    -0.08325572
47077.30    -0.06542708
47077.40    -0.01236179
47077.50    -0.12945892
47077.60    -0.08886306
47077.70    -0.10811137
47077.80    -0.10154337
47077.90    -0.07704684
47078.00    -0.13377555
47078.10    -0.12620056
47078.20    -0.15872800
47078.30    -0.15085590
47078.40    -0.16588069
47078.50    -0.11210226
47078.60    -0.16689734
47078.70    -0.10467991
47078.80    -0.18946682
47078.90    -0.13079654
47079.00    -0.08180885
47079.10    -0.19948229
47079.20    -0.15592717
47079.30    -0.07354832
47079.40    -0.12984838
47079.50    -0.10052065
47079.60     0.01822720
47079.70    -0.18027753
47079.80    -0.18413690
47079.90    -0.09582073
47080.00    -0.10440475
47080.10    -0.13431217
47080.20    -0.13683127
47080.30    -0.18298136
47080.40    -0.16456541
47080.50    -0.05926189
47080.60    -0.15361471
47080.70    -0.08748936
47080.80    -0.11131203
47080.90    -0.11110729
47081.00    -0.11514676
47081.10    -0.09497094
47081.20    -0.07783679
47081.30    -0.03381868
47081.40    -0.01213952
47081.50    -0.00296627
47081.60    -0.02489955
47081.70    -0.00439739
47081.80    -0.00198210
47081.90    -0.01298263
47082.00    -0.02703705
47082.10    -0.03462175
47082.20    -0.04576658
47082.30    -0.03873591
47082.40    -0.05182407
47082.50    -0.01843077
47082.60    -0.01557366
47082.70     0.01591491
47082.80    -0.01271590
47082.90     0.01671666
47083.00     0.02839506
47083.10     0.02675457
47083.20     0.02757837
47083.30     0.02991743
47083.40     0.00888045
47083.50    -0.02085559
47083.60    -0.00764652
47083.70    -0.01501840
47083.80    -0.01919947
47083.90    -0.02610712
47084.00    -0.02961150
47084.10    -0.01397704
47084.20    -0.03869054
47084.30    -0.01817872
47084.40    -0.02894525
47084.50    -0.02583111
47084.60    -0.01570390
47084.70     0.00172925
47084.80    -0.01363729
47084.90    -0.00681498
47085.00    -0.01263854
47085.10    -0.01288880
47085.20    -0.01026879
47085.30    -0.01904496
47085.40    -0.01233331
47085.50    -0.01966782
47085.60    -0.02524988
47085.70    -0.02530442
47085.80    -0.01170224
47085.90    -0.02262751
47086.00    -0.04047405
47086.10    -0.05640570
47086.20    -0.07089097
47086.30    -0.08593921
47086.40    -0.07038801
47086.50    -0.06254495
47086.60    -0.06507397
47086.70    -0.06759416
47086.80    -0.05776581
47086.90    -0.03927706
47087.00    -0.03892701
47087.10    -0.06365700
47087.20    -0.07428892
47087.30    -0.08913019
47087.40    -0.05854889
47087.50    -0.08272651
47087.60    -0.05994434
47087.70    -0.07910688
47087.80    -0.07020786
47087.90    -0.09023176
47088.00    -0.09965737
47088.10    -0.08571338
47088.20    -0.08700234
47088.30    -0.07524975
47088.40    -0.07557520
47088.50    -0.06803115
47088.60    -0.06326498
47088.70    -0.07901275
47088.80    -0.06916410
47088.90    -0.06983206
47089.00    -0.07504269
47089.10    -0.04373060
47089.20    -0.04524065
47089.30    -0.06086766
47089.40    -0.03486238
47089.50    -0.03394251
47089.60    -0.05325576
47089.70    -0.03033557
47089.80    -0.02594077
47089.90    -0.01218548
47090.00    -0.02070166
47090.10    -0.02738626
47090.20    -0.01412967
47090.30    -0.02447171
47090.40     0.01506817
47090.50    -0.00904055
47090.60     0.00200335
47090.70     0.02311543
47090.80     0.01717339
47090.90     0.02835681
47091.00     0.03219175
47091.10     0.03320851
47091.20     0.03749346
47091.30     0.02814090
47091.40     0.00635693
47091.50     0.01594900
47091.60     0.01189036
47091.70     0.00024960
47091.80    -0.00239657
47091.90    -0.01355431
47092.00    -0.02056074
47092.10    -0.02545898
47092.20    -0.03351428
47092.30    -0.00770106
47092.40     0.00123894
47092.50     0.01187674
47092.60     0.01534407
47092.70     0.00960268
47092.80    -0.00696716
47092.90     0.00844144
47093.00     0.02880666
47093.10     0.03676501
47093.20    -0.00340996
47093.30     0.01357262
47093.40     0.01867363
47093.50     0.01505993
47093.60     0.00368722
47093.70     0.02100433
47093.80     0.02849084
47093.90     0.03809201
47094.00     0.03552984
47094.10     0.00865008
47094.20     0.00458100
47094.30     0.00814200
47094.40     0.02893125
47094.50     0.02144460
47094.60     0.02742905
47094.70     0.03412117
47094.80     0.05589567
47094.90     0.06307548
47095.00     0.05265003
47095.10     0.06604791
47095.20     0.06924023
47095.30     0.07582009
47095.40     0.09220786
47095.50     0.08633532
47095.60     0.08844054
47095.70     0.07757504
47095.80     0.07633823
47095.90     0.06079190
47096.00     0.07767791
47096.10     0.07000313
47096.20     0.05551560
47096.30     0.05356011
47096.40     0.04197714
47096.50     0.02788632
47096.60     0.04030995
47096.70     0.00802973
47096.80     0.00865624
47096.90     0.00733717
47097.00    -0.00472071
47097.10     0.00207003
47097.20    -0.00531917
47097.30     0.03111862
47097.40     0.00924766
47097.50     0.00585331
47097.60     0.01873256
47097.70     0.01133766
47097.80     0.01106698
47097.90     0.00273446
47098.00     0.00913627
47098.10     0.03193828
47098.20     0.01985142
47098.30     0.01851403
47098.40     0.03646026
47098.50     0.02351766
47098.60     0.03393815
47098.70     0.01852277
47098.80     0.05057450
47098.90     0.04146838
47099.00     0.02715428
47099.10     0.03337860
47099.20     0.03826455
47099.30     0.04240952
47099.40     0.03713761
47099.50     0.04185424
47099.60     0.03479861
47099.70     0.01253477
47099.80     0.02833253
47099.90     0.03769053
47100.00     0.03987885
47100.10     0.04433434
47100.20     0.04060245
47100.30     0.02138631
47100.40     0.00840377
47100.50     0.00545278
47100.60     0.01547472
47100.70     0.01649904
47100.80     0.04345677
47100.90     0.07243687
47101.00     0.05916351
47101.10     0.06277876
47101.20     0.04155599
47101.30     0.04794235
47101.40     0.07735581
47101.50     0.08006571
47101.60     0.06676082
47101.70     0.05523253
47101.80     0.04962130
47101.90     0.06043163
47102.00     0.05300261
47102.10     0.03746610
47102.20     0.03101366
47102.30     0.01974437
47102.40     0.03698923
47102.50    -0.00218257
47102.60     0.00074268
47102.70    -0.00486820
47102.80    -0.00642122
47102.90     0.01005820
47103.00    -0.01018466
47103.10     0.00306997
47103.20     0.00788183
47103.30     0.02665088
47103.40     0.03815313
47103.50     0.07292352
47103.60     0.09931849
47103.70     0.06840594
47103.80     0.03781936
47103.90     0.04316471
47104.00     0.02862947
47104.10     0.01275450
47104.20     0.00057068
47104.30     0.00250546
47104.40     0.00526098
47104.50     0.03893724
47104.60     0.03608400
47104.70     0.04974936
47104.80     0.05596158
47104.90     0.03759765
47105.00     0.03577397
47105.10     0.01276668
47105.20     0.04302936
47105.30     0.03494000
47105.40     0.07649432
47105.50     0.08062039
47105.60     0.08656023
47105.70     0.09044527
47105.80     0.05701273
47105.90    -0.00566359
47106.00    -0.03173926
47106.10     0.00332108
47106.20     0.05699567
47106.30     0.06886526
47106.40     0.07836162
47106.50     0.07684729
47106.60     0.09873109
47106.70     0.15832193
47106.80     0.15447435
47106.90     0.18944345
47107.00     0.13939556
47107.10     0.03689855
47107.20     0.00281380
47107.30    -0.01383379
47107.40     0.01101470
47107.50     0.03213262
47107.60     0.00414913
47107.70     0.00137883
47107.80    -0.00406074
47107.90    -0.06160108
47108.00    -0.04509484
47108.10    -0.03865024
47108.20    -0.03631350
47108.30    -0.07073697
47108.40    -0.06611317
47108.50    -0.05482043
47108.60    -0.06538280
47108.70    -0.07016878
47108.80    -0.10343840
47108.90    -0.14475842
47109.00    -0.20187455
47109.10    -0.18183795
47109.20    -0.13995405
47109.30    -0.10743088
47109.40    -0.09286239
47109.50    -0.08452579
47109.60    -0.08222580
47109.70    -0.05915296
47109.80    -0.03682232
47109.90    -0.03159883
47110.00    -0.02404172
47110.10    -0.02396161
47110.20     0.01415420
47110.30     0.04844889
47110.40     0.01928129
47110.50    -0.02207732
47110.60    -0.00696894
47110.70    -0.01286730
47110.80    -0.00567550
47110.90     0.01462530
47111.00    -0.04341193
47111.10    -0.04023811
47111.20    -0.01555136
47111.30    -0.03919421
47111.40    -0.13020124
47111.50    -0.08019517
47111.60    -0.10309724
47111.70    -0.00694870
47111.80     0.13491035
47111.90     0.01656959
47112.00     0.01206639
47112.10     0.03154064
47112.20     0.10499812
47112.30    -0.04634806
47112.40     0.03820409
47112.50     0.00799009
47112.60    -0.00253746
47112.70     0.00013582
47112.80     0.03074856
47112.90     0.05969412
47113.00     0.01897112
47113.10    -0.04901322
47113.20    -0.04558826
47113.30    -0.02802336
47113.40    -0.08562701
47113.50    -0.23194976
47113.60    -0.13917543
47113.70    -0.12938406
47113.80    -0.09760718
47113.90    -0.07306919
47114.00    -0.04428341
47114.10    -0.02961407
47114.20     0.00589774
47114.30     0.01270971
47114.40     0.01342347
47114.50    -0.02266621
47114.60    -0.04626900
47114.70    -0.04844764
47114.80    -0.01880354
47114.90    -0.00724746
47115.00    -0.03416867
47115.10    -0.04332044
47115.20    -0.06241038
47115.30    -0.03278634
47115.40     0.01461011
47115.50     0.02171094
47115.60    -0.02516685
47115.70    -0.01448051
47115.80     0.02300866
47115.90     0.05059539
47116.00    -0.00256122
47116.10    -0.01974599
47116.20    -0.00978097
47116.30    -0.00505570
47116.40     0.01068659
47116.50     0.03001712
47116.60     0.03604334
47116.70    -0.00240917
47116.80    -0.01404019
47116.90    -0.04848646
47117.00    -0.06391165
47117.10    -0.06181653
47117.20    -0.05938236
47117.30    -0.04540522
47117.40    -0.06464083
47117.50    -0.03018249
47117.60    -0.02306527
47117.70    -0.01731198
47117.80    -0.00322512
47117.90     0.03517670
47118.00     0.00752149
47118.10    -0.00354906
47118.20     0.00720844
47118.30    -0.00553007
47118.40    -0.01247839
47118.50    -0.03543333
47118.60    -0.01955829
47118.70     0.00843181
47118.80    -0.00102122
47118.90    -0.02860987
47119.00    -0.03338860
47119.10     0.02176798
47119.20     0.14840804
47119.30     0.06203022
47119.40    -0.06681947
47119.50    -0.02174315
47119.60    -0.07837515
47119.70    -0.00294617
47119.80     0.04516352
47119.90     0.00523083
47120.00    -0.02790684
47120.10    -0.03226660
47120.20     0.05806980
47120.30     0.13136111
47120.40    -0.00431823
47120.50    -0.01286033
47120.60     0.00664317
47120.70     0.03241157
47120.80     0.11017456
47120.90     0.12335290
47121.00     0.12598783
47121.10     0.16899976
47121.20     0.21037282
47121.30     0.07455987
47121.40     0.03150127
47121.50     0.06395080
47121.60     0.21665516
47121.70     0.08303522
47121.80     0.25645530
47121.90     0.11669874
47122.00     0.14122581
47122.10     0.15640783
47122.20     0.08929525
47122.30     0.18721068
47122.40     0.11978877
47122.50     0.15429273
47122.60     0.07316727
47122.70     0.02132481
47122.80     0.21626416
47122.90     0.12109590
47123.00     0.13410813
47123.10     0.15509273
47123.20     0.23295787
47123.30     0.27162635
47123.40     0.29692119
47123.50     0.12158835
47123.60     0.18857850
47123.70     0.37996271
47123.80     0.17012846
47123.90     0.18187696
47124.00     0.16522442
47124.10     0.21070953
47124.20     0.19498639
47124.30     0.18502612
47124.40     0.07275473
47124.50     0.14927864
47124.60     0.05216606
47124.70     0.11696142
47124.80     0.00562106
47124.90    -0.05659034
47125.00    -0.05276478
47125.10     0.04931089
47125.20     0.00652395
47125.30     0.00145641
47125.40    -0.02014879
47125.50    -0.03479618
47125.60    -0.01477303
47125.70     0.00379654
47125.80    -0.10361410
47125.90    -0.07281244
47126.00    -0.15061148
47126.10    -0.06952953
47126.20    -0.03678338
47126.30    -0.10264760
47126.40    -0.10595179
47126.50    -0.06165415
47126.60    -0.03192757
47126.70    -0.04830827
47126.80    -0.02998477
47126.90    -0.06389799
47127.00    -0.17027713
47127.10    -0.04277669
47127.20    -0.12396137
47127.30    -0.00600443
47127.40     0.10932994
47127.50     0.26271132
47127.60    -0.32263085
47127.70     0.38049781
47127.80     0.51017845
47127.90     0.07530802
47128.00     0.08812006
47128.10    -0.00892819
47128.20    -0.33729205
47128.30    -0.33767506
47128.40    -0.14521638
47128.50    -0.10852657
47128.60    -0.05825270
47128.70    -0.04983154
47128.80     0.00909351
47128.90     0.09222277
47129.00     0.21247275
47129.10     0.16196369
47129.20     0.07508038
47129.30     0.20070735
47129.40     0.09095448
47129.50     0.05148537
47129.60     0.17385086
47129.70     0.17009111
47129.80     0.05678331
47129.90    -0.06606454
47130.00     0.00841151
47130.10     0.10545895
47130.20     0.05587097
47130.30     0.21787676
47130.40     0.32246983
47130.50     0.14084838
47130.60     0.11546290
47130.70     0.12926887
47130.80     0.04503624
47130.90     0.00080486
47131.00     0.09733081
47131.10     0.10171103
47131.20     0.09669275
47131.30    -0.03153967
47131.40     0.14828569
47131.50    -0.15510112
47131.60    -0.20175071
47131.70    -0.19113661
47131.80    -0.11661608
47131.90    -0.09114292
47132.00    -0.10305024
47132.10     0.00180721
47132.20    -0.11591205
47132.30    -0.03449315
47132.40    -0.08247713
47132.50     0.09947262
47132.60    -0.10807777
47132.70    -0.20409113
47132.80    -0.13352603
47132.90    -0.03599340
47133.00     0.04417745
47133.10     0.04110580
47133.20     0.14854126
47133.30     0.09393676
47133.40     0.11394853
47133.50     0.08940778
47133.60     0.03483330
47133.70    -0.00568932
47133.80    -0.04492056
47133.90    -0.02267961
47134.00     0.00021656
47134.10     0.02906275
47134.20     0.05207899
47134.30     0.00608736
47134.40     0.01098132
47134.50    -0.02745797
47134.60     0.01946535
47134.70    -0.02514545
47134.80    -0.02741956
47134.90     0.01339450
47135.00     0.06377470
47135.10     0.04859214
47135.20     0.02919267
47135.30     0.06553732
47135.40     0.10096662
47135.50    -0.04360121
47135.60     0.11906900
47135.70     0.03318417
47135.80     0.02172279
47135.90     0.03017491
47136.00    -0.05344847
47136.10    -0.01157611
47136.20    -0.06134472
47136.30    -0.01678944
47136.40     0.11343885
47136.50    -0.00119090
47136.60    -0.02291126
47136.70    -0.09078465
47136.80    -0.20525753
47136.90    -0.06806392
47137.00    -0.05175985
47137.10    -0.04914878
47137.20    -0.05714690
47137.30     0.02500436
47137.40    -0.05019763
47137.50    -0.05186477
47137.60     0.03931407
47137.70    -0.04224565
47137.80    -0.02917220
47137.90    -0.02657679
47138.00     0.10523418
47138.10     0.05957609
47138.20     0.22274148
47138.30     0.16424339
47138.40     0.15772365
47138.50     0.21192041
47138.60     0.16305353
47138.70     0.15611807
47138.80     0.05513994
47138.90    -0.00193837
47139.00     0.06979460
47139.10     0.04385213
47139.20     0.10682339
47139.30     0.09492641
47139.40     0.12070347
47139.50     0.14254263
47139.60     0.16358475
47139.70     0.13039699
47139.80     0.15385747
47139.90     0.15641305
47140.00     0.16137111
47140.10     0.19983442
47140.20     0.18289676
47140.30     0.21220343
47140.40     0.23319222
47140.50     0.22535093
47140.60     0.15991871
47140.70     0.14961067
47140.80     0.12662134
47140.90     0.15354364
47141.00     0.13039091
47141.10     0.14278242
47141.20     0.13472661
47141.30     0.18615960
47141.40     0.17994210
47141.50     0.16310132
47141.60     0.19412901
47141.70     0.19121875
47141.80     0.25273651
47141.90     0.21554354
47142.00     0.24931645
47142.10     0.25655779
47142.20     0.27195543
47142.30     0.22424737
47142.40     0.23621854
47142.50     0.22915444
47142.60     0.20761566
47142.70     0.20308514
47142.80     0.13733074
47142.90     0.18024394
47143.00     0.19190055
47143.10     0.17687231
47143.20     0.17297569
47143.30     0.12425600
47143.40     0.18025817
47143.50     0.11905185
47143.60     0.13110518
47143.70     0.17158493
47143.80     0.15060371
47143.90     0.15145734
47144.00     0.17857809
47144.10     0.15065876
47144.20     0.15676640
47144.30     0.11511648
47144.40     0.05257964
47144.50     0.05351107
47144.60     0.10628328
47144.70     0.09711582
47144.80     0.15205339
47144.90     0.14120997
47145.00     0.09866694
47145.10     0.19695376
47145.20     0.19635282
47145.30     0.11554695
47145.40     0.15159722
47145.50     0.16564515
47145.60     0.18279834
47145.70     0.15227330
47145.80     0.16596499
47145.90     0.18667108
47146.00    -0.02047242
47146.10     0.16234751
47146.20     0.10011652
47146.30     0.12547213
47146.40     0.12524526
47146.50     0.11681639
47146.60     0.10239448
47146.70     0.08653221
47146.80     0.08802281
47146.90     0.04586439
47147.00     0.03573336
47147.10    -0.02190699
47147.20     0.03700279
47147.30    -0.00757107
47147.40     0.04628681
47147.50     0.11077959
47147.60     0.17371041
47147.70     0.19656499
47147.80     0.23579673
47147.90     0.14476262
47148.00     0.06334632
47148.10     0.10925143
47148.20     0.11885788
47148.30     0.17240623
47148.40     0.17351320
47148.50     0.21650575
47148.60     0.18762054
47148.70     0.04852415
47148.80     0.05473609
47148.90    -0.04098313
47149.00    -0.04498905
47149.10     0.07246741
47149.20     0.02521078
47149.30     0.10301533
47149.40     0.15589277
47149.50     0.10399169
47149.60     0.05915730
47149.70     0.01989685
47149.80     0.02118749
47149.90     0.01683266
47150.00     0.04411356
47150.10     0.17278090
47150.20     0.14498332
47150.30     0.05497997
47150.40     0.14742263
47150.50     0.14943436
47150.60     0.07917255
47150.70     0.14687411
47150.80     0.07349340
47150.90     0.08066154
47151.00     0.05136714
47151.10     0.01708845
47151.20     0.11935313
47151.30    -0.00782041
47151.40     0.07812300
47151.50     0.06804743
47151.60     0.08414334
47151.70     0.11305282
47151.80     0.16627501
47151.90     0.16388074
47152.00     0.06139749
47152.10     0.03486669
47152.20     0.05046519
47152.30     0.14430852
47152.40     0.08224970
47152.50     0.12147169
47152.60     0.00059247
47152.70     0.14770734
47152.80     0.05190970
47152.90     0.03242811
47153.00    -0.05536279
47153.10     0.03189760
47153.20    -0.05424090
47153.30    -0.02993080
47153.40     0.02718546
47153.50     0.04905311
47153.60     0.11431787
47153.70     0.05738755
47153.80     0.10863023
47153.90     0.08205040
47154.00     0.04817750
47154.10     0.17353572
47154.20     0.13806109
47154.30     0.13665211
47154.40     0.20189790
47154.50     0.14999799
47154.60     0.12190312
47154.70     0.05188773
47154.80     0.05402101
47154.90     0.07167166
47155.00     0.04891140
47155.10    -0.05781794
47155.20    -0.00617296
47155.30    -0.06231691
47155.40    -0.11584336
47155.50    -0.07322106
47155.60     0.03945040
47155.70    -0.03501772
47155.80    -0.07269298
47155.90    -0.24238715
47156.00    -0.24662408
47156.10    -0.57020885
47156.20    -0.56559247
47156.30    -0.45350698
47156.40    -0.30420929
47156.50    -0.15974158
47156.60    -0.14801137
47156.70    -0.24722368
47156.80    -0.20572761
47156.90    -0.21011761
47157.00    -0.11961953
47157.10    -0.05373653
47157.20    -0.03283574
47157.30    -0.06865758
47157.40     0.08131275
47157.50    -0.01716008
47157.60     0.06768188
47157.70     0.04554367
47157.80     0.00448340
47157.90     0.02394325
47158.00    -0.08079734
47158.10     0.01211098
47158.20     0.03009924
47158.30     0.07083429
47158.40     0.12707148
47158.50     0.11382198
47158.60     0.12094440
47158.70     0.01374455
47158.80     0.06537616
47158.90    -0.00483104
47159.00     0.09514713
47159.10     0.12647824
47159.20     0.05922239
47159.30     0.09811036
47159.40     0.04353475
47159.50     0.09334343
47159.60     0.11347307
47159.70     0.13335617
47159.80     0.07424861
47159.90     0.06864458
47160.00     0.12987483
47160.10     0.07569266
47160.20     0.13888024
47160.30     0.12487209
47160.40     0.05899866
47160.50     0.01012705
47160.60     0.11044458
47160.70    -0.07220349
47160.80    -0.01107495
47160.90    -0.05735575
47161.00     0.06003027
47161.10     0.03310038
47161.20    -0.01869638
47161.30    -0.11225170
47161.40    -0.01362446
47161.50     0.03607097
47161.60    -0.00581772
47161.70     0.05815231
47161.80     0.03673401
47161.90     0.05185375
47162.00     0.06574681
47162.10     0.02533718
47162.20     0.03542127
47162.30    -0.01176414
47162.40    -0.03877602
47162.50     0.03312218
47162.60    -0.01557991
47162.70    -0.09580208
47162.80    -0.02993109
47162.90     0.00495148
47163.00    -0.08810816
47163.10    -0.08743896
47163.20     0.02798764
47163.30    -0.14387122
47163.40    -0.07886044
47163.50    -0.19208424
47163.60    -0.01026252
47163.70    -0.06638461
47163.80    -0.16661544
47163.90     0.05248822
47164.00    -0.13585620
47164.10    -0.18650854
47164.20    -0.21670294
47164.30    -0.19722681
47164.40    -0.08255808
47164.50    -0.14563283
47164.60    -0.10595691
47164.70    -0.11326277
47164.80    -0.17266186
47164.90    -0.08193117
47165.00    -0.19190453
47165.10    -0.10729816
47165.20    -0.02519100
47165.30    -0.02528799
47165.40    -0.07743860
47165.50    -0.08330928
47165.60    -0.02502510
47165.70    -0.06690422
47165.80     0.03110276
47165.90    -0.04099051
47166.00    -0.09464103
47166.10    -0.03781675
47166.20    -0.08585595
47166.30    -0.07154835
47166.40    -0.18468747
47166.50    -0.14776960
47166.60    -0.11244682
47166.70    -0.09829581
47166.80    -0.10038923
47166.90    -0.19098261
47167.00    -0.12927796
47167.10    -0.19155493
47167.20    -0.21480367
47167.30    -0.29882574
47167.40    -0.30572778
47167.50    -0.19254853
47167.60    -0.18341586
47167.70    -0.05286126
47167.80     0.00501811
47167.90    -0.25133765
47168.00    -0.11805342
47168.10    -0.04519268
47168.20    -0.19924904
47168.30    -0.06391456
47168.40     0.03259827
47168.50     0.23384613
47168.60     0.04031396
47168.70     0.01321455
47168.80    -0.14087145
47168.90    -0.00066061
47169.00     0.16449374
47169.10    -0.26288244
47169.20    -0.18179412
47169.30    -0.21924812
47169.40    -0.22965343
47169.50    -0.18775101
47169.60    -0.17039770
47169.70    -0.25851423
47169.80    -0.18129683
47169.90    -0.04499642
47170.00     0.01096375
47170.10    -0.09033719
47170.20    -0.08895546
47170.30    -0.07130747
47170.40    -0.06506778
47170.50    -0.11684149
47170.60    -0.09229187
47170.70    -0.07529388
47170.80    -0.15155007
47170.90    -0.37927705
47171.00     0.01271592
47171.10    -0.16977304
47171.20    -0.22553615
47171.30    -0.10765497
47171.40    -0.02007081
47171.50    -0.32061303
47171.60    -0.14913265
47171.70    -0.04691158
47171.80    -0.00836387
47171.90    -0.15644521
47172.00    -0.25619718
47172.10    -0.13469023
47172.20    -0.11361273
47172.30    -0.06021788
47172.40     0.04588525
47172.50     0.04490907
47172.60    -0.03621047
47172.70    -0.08942684
47172.80    -0.08991611
47172.90     0.06060689
47173.00    -0.05957567
47173.10    -0.02992662
47173.20    -0.10287294
47173.30    -0.03817510
47173.40    -0.15694787
47173.50    -0.08645117
47173.60    -0.10043680
47173.70    -0.09572544
47173.80    -0.05835036
47173.90    -0.07745905
47174.00    -0.06287055
47174.10    -0.09412798
47174.20    -0.08994738
47174.30    -0.13095835
47174.40    -0.15461218
47174.50    -0.09059323
47174.60    -0.09213135
47174.70    -0.06838544
47174.80    -0.04778008
47174.90    -0.12523860
47175.00    -0.07857936
47175.10    -0.10690199
47175.20    -0.10160860
47175.30    -0.08720590
47175.40    -0.13879265
47175.50    -0.08635703
47175.60    -0.21427551
47175.70    -0.00551920
47175.80     0.00749558
47175.90     0.09650592
47176.00     0.10926123
47176.10     0.19454817
47176.20     0.22280155
47176.30     0.23678635
47176.40     0.19009401
47176.50     0.15013574
47176.60     0.19479977
47176.70     0.18057600
47176.80     0.14685862
47176.90     0.17098504
47177.00     0.16580760
47177.10     0.15027621
47177.20     0.16234572
47177.30     0.15010224
47177.40     0.13947578
47177.50     0.31313121
47177.60    -0.35885128
47177.70     0.16774969
47177.80    -0.14440724
47177.90    -0.15611437
47178.00    -0.17174013
47178.10     0.27099699
47178.20     0.36480132
47178.30     0.47257969
47178.40     0.11407748
47178.50    -0.09326226
47178.60    -0.38954622
47178.70    -0.48444924
47178.80    -0.49219322
47178.90    -0.48865393
47179.00    -0.45676038
47179.10    -0.42349303
47179.20    -0.33480528
47179.30    -0.37619585
47179.40    -0.66029465
47179.50    -1.11750436
47179.60    -1.03163576
47179.70    -0.54591912
47179.80    -0.66212070
47179.90    -0.63693684
47180.00    -0.43984112
47180.10    -0.40378648
47180.20    -0.55167127
47180.30    -0.43526709
47180.40    -0.26860526
47180.50    -0.27890539
47180.60    -0.26191303
47180.70    -0.33008757
47180.80    -0.36526465
47180.90    -0.42253441
47181.00    -0.28930905
47181.10    -0.35836455
47181.20    -0.35072821
47181.30    -0.29478586
47181.40    -0.29367182
47181.50    -0.40385842
47181.60    -0.38280055
47181.70    -0.37959114
47181.80    -0.34038565
47181.90    -0.35851863
47182.00    -0.35568425
47182.10    -0.31166592
47182.20    -0.26470107
47182.30    -0.38822842
47182.40    -0.31493807
47182.50    -0.32676366
47182.60    -0.30908659
47182.70    -0.34041476
47182.80    -0.31832415
47182.90    -0.38601843
47183.00    -0.36820659
47183.10    -0.38373560
47183.20    -0.34785765
47183.30    -0.32756558
47183.40    -0.34862745
47183.50    -0.46200228
47183.60    -0.39889961
47183.70    -0.40563738
47183.80    -0.32396504
47183.90    -0.33005431
47184.00    -0.36662084
47184.10    -0.38716662
47184.20    -0.37419978
47184.30    -0.37569863
47184.40    -0.33964226
47184.50    -0.31603110
47184.60    -0.26845983
47184.70    -0.22586334
47184.80    -0.14233890
47184.90    -0.05212243
47185.00    -0.12338928
47185.10    -0.10562294
47185.20    -0.00508813
47185.30    -0.26210129
47185.40    -0.11359196
47185.50    -0.12602371
47185.60    -0.19278194
47185.70    -0.13474329
47185.80    -0.10405295
47185.90    -0.03375976
47186.00    -0.09208500
47186.10    -0.11971375
47186.20    -0.10101219
47186.30    -0.02870561
47186.40    -0.05949438
47186.50    -0.06060756
47186.60    -0.07124754
47186.70    -0.05661898
47186.80    -0.10732287
47186.90    -0.02399895
47187.00    -0.05686413
47187.10    -0.14165087
47187.20    -0.14852746
47187.30    -0.14737126
47187.40    -0.16369763
47187.50    -0.06580523
47187.60    -0.02628657
47187.70    -0.13312697
47187.80    -0.28557426
47187.90    -0.07262945
47188.00    -0.02476397
47188.10     0.03571687
47188.20    -0.02283274
47188.30    -0.05519835
47188.40    -0.04816503
47188.50    -0.05845867
47188.60    -0.19506320
47188.70    -0.12158462
47188.80    -0.10032447
47188.90    -0.04197000
47189.00    -0.05388236
47189.10    -0.08267784
47189.20    -0.07675102
47189.30    -0.17464852
47189.40    -0.06597428
47189.50    -0.15567672
47189.60    -0.20248076
47189.70    -0.16117795
47189.80    -0.15617719
47189.90    -0.17519712
47190.00     0.00797014
47190.10    -0.01938224
47190.20     0.05544697
47190.30    -0.14593005
47190.40    -0.07219940
47190.50    -0.18922451
47190.60    -0.08091862
47190.70    -0.07764007
47190.80    -0.08640260
47190.90    -0.11955022
47191.00    -0.12730835
47191.10    -0.19353497
47191.20    -0.08421523
47191.30    -0.03810300
47191.40     0.04907899
47191.50    -0.02025108
47191.60    -0.17292151
47191.70    -0.12672214
47191.80    -0.07817926
47191.90     0.20634826
47192.00     0.13152419
47192.10     0.02457073
47192.20     0.06215250
47192.30     0.06406291
47192.40    -0.02427323
47192.50    -0.11947345
47192.60    -0.09501100
47192.70     0.01565310
47192.80    -0.11302996
47192.90    -0.04881708
47193.00    -0.03215363
47193.10    -0.11162570
47193.20    -0.18570334
47193.30    -0.14461018
47193.40    -0.08240748
47193.50    -0.04029517
47193.60     0.05620907
47193.70    -0.11908869
47193.80    -0.01643266
47193.90    -0.08134461
47194.00     0.07646841
47194.10     0.16307323
47194.20     0.26082614
47194.30     0.29846337
47194.40    -0.03257020
47194.50    -0.13411951
47194.60     0.01366503
47194.70    -0.13972954
47194.80    -0.01414656
47194.90     0.03986442
47195.00     0.16277729
47195.10     0.01205195
47195.20     0.00319894
47195.30    -0.06158884
47195.40    -0.04060807
47195.50    -0.09353289
47195.60    -0.02049110
47195.70    -0.04069791
47195.80     0.13036560
47195.90     0.09437734
47196.00    -0.18793446
47196.10    -0.05455882
47196.20     0.03996845
47196.30     0.13139285
47196.40     0.00928492
47196.50    -0.08372708
47196.60    -0.01890367
47196.70    -0.01953251
47196.80    -0.01555699
47196.90     0.03479444
47197.00     0.05083931
47197.10     0.11105242
47197.20     0.06994155
47197.30    -0.00187763
47197.40    -0.11752772
47197.50    -0.12520914
47197.60    -0.06957576
47197.70    -0.09374383
47197.80    -0.10846180
47197.90    -0.07922108
47198.00    -0.05053705
47198.10    -0.03010020
47198.20     0.04659176
47198.30    -0.04767839
47198.40    -0.01140703
47198.50     0.09494013
47198.60    -0.06793243
47198.70    -0.07656525
47198.80    -0.11682738
47198.90    -0.08049060
47199.00    -0.15264207
47199.10    -0.07736941
47199.20    -0.03559249
47199.30     0.05651631
47199.40     0.05051725
47199.50    -0.00012177
47199.60     0.03255202
47199.70     0.02244161
47199.80    -0.13276795
47199.90    -0.01130197
47200.00    -0.02501735
47200.10    -0.04109402
47200.20    -0.00391378
47200.30    -0.01911845
47200.40    -0.08267660
47200.50    -0.03456018
47200.60    -0.09511064
47200.70    -0.00783864
47200.80    -0.06306344
47200.90     0.02836660
47201.00    -0.05881754
47201.10     0.05550872
47201.20    -0.06367950
47201.30     0.04626328
47201.40    -0.01682056
47201.50    -0.02620083
47201.60    -0.14656025
47201.70     0.04347398
47201.80     0.05360931
47201.90     0.09413560
47202.00     0.05841941
47202.10     0.02669508
47202.20     0.00183158
47202.30     0.06644616
47202.40    -0.02434794
47202.50     0.00454801
47202.60    -0.13331634
47202.70    -0.03141033
47202.80    -0.02584035
47202.90     0.00891655
47203.00    -0.00212646
47203.10    -0.05985232
47203.20    -0.03980532
47203.30     0.01532579
47203.40     0.12221216
47203.50     0.02078834
47203.60    -0.14485978
47203.70    -0.26394588
47203.80    -0.13590688
47203.90    -0.16200782
47204.00    -0.27047846
47204.10    -0.28765312
47204.20    -0.23323575
47204.30    -0.40079558
47204.40    -0.39444998
47204.50    -0.36550665
47204.60    -0.30600169
47204.70    -0.32401630
47204.80    -0.33836657
47204.90    -0.20704266
47205.00    -0.29809317
47205.10     0.04886101
47205.20     0.08120118
47205.30    -0.16102067
47205.40    -0.33733526
47205.50    -0.31229162
47205.60    -0.17968841
47205.70    -0.33329204
47205.80    -0.32541913
47205.90    -0.47494790
47206.00    -0.25079775
47206.10    -0.40166077
47206.20    -0.49901643
47206.30    -0.26219139
47206.40    -0.15158223
47206.50     0.05749351
47206.60    -0.19247112
47206.70    -0.09582039
47206.80    -0.39133981
47206.90    -0.32434890
47207.00    -0.50701624
47207.10    -0.63955557
47207.20    -0.30066249
47207.30     0.14855421
47207.40    -0.32404962
47207.50    -0.54550147
47207.60    -0.57821238
47207.70    -0.48924765
47207.80    -0.06771438
47207.90    -0.18789476
47208.00    -0.30360249
47208.10    -0.36437842
47208.20    -0.13261203
47208.30    -0.21902803
47208.40    -0.36095738
47208.50    -0.29996055
47208.60    -0.34749338
47208.70    -0.17351201
47208.80    -0.36704382
47208.90    -0.25165948
47209.00    -0.33629289
47209.10    -0.43322670
47209.20    -0.31774810
47209.30    -0.23003638
47209.40    -0.06768166
47209.50    -0.23675026
47209.60    -0.11484630
47209.70    -0.09242075
47209.80     0.06252460
47209.90    -0.07105915
47210.00    -0.24627078
47210.10    -0.25093651
47210.20    -0.24414586
47210.30    -0.61459869
47210.40    -0.47803661
47210.50    -0.33560139
47210.60    -0.42412078
47210.70    -0.55143481
47210.80    -0.19168638
47210.90    -0.68252718
47211.00    -0.18279818
47211.10    -0.32618782
47211.20    -0.24651615
47211.30    -0.51197577
47211.40    -0.27527374
47211.50    -0.29851121
47211.60    -0.22015435
47211.70    -0.29176167
47211.80    -0.22514904
47211.90    -0.53371704
47212.00    -0.28667429
47212.10    -0.25133219
47212.20    -0.06762733
47212.30    -0.31463346
47212.40    -0.36585343
47212.50    -0.25146165
47212.60    -0.45027936
47212.70    -0.68781441
47212.80    -0.16811962
47212.90    -0.30333403
47213.00    -0.15349294
47213.10    -0.29618081
47213.20    -0.61731666
47213.30    -0.24966435
47213.40    -0.15202424
47213.50    -0.46894526
47213.60    -0.13207547
47213.70    -0.05940459
47213.80    -0.04613152
47213.90    -0.23261495
47214.00    -0.64455497
47214.10    -0.23715310
47214.20    -0.23523788
47214.30    -0.48645902
47214.40    -0.53429073
47214.50     0.02030070
47214.60    -0.24256681
47214.70    -0.14333674
47214.80    -0.16076757
47214.90    -0.07900693
47215.00    -0.50973207
47215.10    -0.18765274
47215.20    -0.41671014
47215.30    -0.23830143
47215.40    -0.38687134
47215.50    -0.26422417
47215.60    -0.35092601
47215.70    -0.34770179
47215.80    -0.26880911
47215.90    -0.39114174
47216.00    -0.52593249
47216.10    -0.38666463
47216.20    -0.30824605
47216.30    -0.23113954
47216.40    -0.27135393
47216.50    -0.20827092
47216.60    -0.28342244
47216.70    -0.48494461
47216.80    -0.09309575
47216.90    -0.29955646
47217.00    -0.29182643
47217.10    -0.33781824
47217.20    -0.29727551
47217.30    -0.24099497
47217.40    -0.17482647
47217.50    -0.21220924
47217.60    -0.16440535
47217.70    -0.20063591
47217.80    -0.32200766
47217.90    -0.32911816
47218.00    -0.25132039
47218.10    -0.22965252
47218.20    -0.37533084
47218.30    -0.38386005
47218.40    -0.35306498
47218.50    -0.17645814
47218.60    -0.19160357
47218.70    -0.22940554
47218.80    -0.32581607
47218.90    -0.28575706
47219.00    -0.26507065
47219.10    -0.11172687
47219.20    -0.23678513
47219.30    -0.31925988
47219.40    -0.15372176
47219.50    -0.16361991
47219.60    -0.23610568
47219.70    -0.39552706
47219.80    -0.45224634
47219.90    -0.49737534
47220.00    -0.48529401
47220.10    -0.41770756
47220.20    -0.10861279
47220.30    -0.03892394
47220.40    -0.15283386
47220.50    -0.34278837
47220.60    -0.43984106
47220.70    -0.14167859
47220.80     0.33494443
47220.90    -0.57489270
47221.00    -0.30125356
47221.10    -0.30784681
47221.20    -0.14735055
47221.30    -0.64161623
47221.40    -0.25774875
47221.50    -0.09395273
47221.60    -0.05829124
47221.70     0.09919725
47221.80    -0.02335617
47221.90    -0.28041887
47222.00     0.06842995
47222.10    -0.10681786
47222.20    -0.12740150
47222.30     0.25841367
47222.40    -0.00669966
47222.50     0.01867130
47222.60     0.46959603
47222.70     0.26603821
47222.80     0.12486657
47222.90     0.08553171
47223.00     0.22370549
47223.10     0.34170729
47223.20    -0.24717064
47223.30    -0.12522657
47223.40    -0.00375611
47223.50     0.05089523
47223.60    -0.37709519
47223.70     0.30391255
47223.80    -0.05477369
47223.90    -0.24129830
47224.00    -0.05355474
47224.10     0.07562272
47224.20    -0.51319468
47224.30    -0.10180026
47224.40    -0.34799567
47224.50    -0.25046366
47224.60    -0.24607618
47224.70    -0.13585195
47224.80    -0.09641299
47224.90    -0.01660137
47225.00    -0.12558182
47225.10    -0.18646637
47225.20    -0.18095358
47225.30    -0.11326755
47225.40    -0.07788888
47225.50     0.19092858
47225.60     0.00619580
47225.70    -0.04169514
47225.80    -0.16871729
47225.90    -0.04686887
47226.00    -0.01682433
47226.10    -0.00447138
47226.20     0.04158234
47226.30    -0.05711770
47226.40     0.22477686
47226.50     0.12486557
47226.60     0.23886129
47226.70     0.53112006
47226.80     0.13178629
47226.90    -0.04661490
47227.00    -0.17460971
47227.10    -0.23966944
47227.20    -0.07886092
47227.30    -0.30134943
47227.40    -0.02272786
47227.50    -0.04138989
47227.60     0.13659118
47227.70     0.24781808
47227.80     0.34476870
47227.90     0.03101357
47228.00    -0.15321629
47228.10    -0.13260497
47228.20    -0.22291334
47228.30    -0.08933610
47228.40    -0.22015134
47228.50    -0.31609863
47228.60    -0.36918053
47228.70    -0.46946317
47228.80    -0.14894399
47228.90    -0.12328383
47229.00    -0.20512262
47229.10    -0.57071424
47229.20    -0.27256200
47229.30    -0.36110622
47229.40    -0.41054934
47229.50     0.00219083
47229.60     0.13203542
47229.70    -0.11343701
47229.80     0.16416036
47229.90    -0.10294900
47230.00    -0.20862943
47230.10    -0.11517283
47230.20    -0.09407670
47230.30    -0.08019501
47230.40     0.09023068
47230.50    -0.04527920
47230.60    -0.00992643
47230.70    -0.25517541
47230.80    -0.00640457
47230.90    -0.24476631
47231.00    -0.16877341
47231.10     0.20637606
47231.20    -0.48377419
47231.30    -0.26559004
47231.40    -0.11765631
47231.50    -0.35595044
47231.60    -0.20202097
47231.70    -0.27215493
47231.80    -0.36048841
47231.90    -0.18996494
47232.00    -0.22918864
47232.10    -0.21390329
47232.20    -0.17972490
47232.30    -0.13199772
47232.40    -0.25760126
47232.50    -0.43027925
47232.60     0.17737252
47232.70    -0.22563715
47232.80    -0.28273171
47232.90    -0.32797113
47233.00    -0.26322168
47233.10    -0.12691931
47233.20    -0.24765398
47233.30    -0.30508038
47233.40    -0.18387875
47233.50     0.04617286
47233.60     0.17012599
47233.70    -0.21513845
47233.80    -0.03705624
47233.90     0.00415991
47234.00     0.10541837
47234.10    -0.21563847
47234.20    -0.16135111
47234.30    -0.13051578
47234.40     0.13240623
47234.50     0.08382959
47234.60     0.08219197
47234.70     0.11305494
47234.80     0.02212885
47234.90    -0.16417126
47235.00    -0.05044870
47235.10    -0.31890488
47235.20    -0.16550229
47235.30    -0.21056832
47235.40    -0.22431596
47235.50    -0.01935322
47235.60    -0.21216807
47235.70     0.06043922
47235.80     0.04332814
47235.90     0.00338789
47236.00     0.00675457
47236.10    -0.02251881
47236.20    -0.05696112
47236.30     0.19219126
47236.40     0.01330406
47236.50    -0.03687085
47236.60     0.04161862
47236.70     0.09909341
47236.80    -0.12652384
47236.90     0.10829417
47237.00     0.00485787
47237.10     0.18212016
47237.20     0.05241263
47237.30    -0.19408503
47237.40     0.04217129
47237.50     0.10624271
47237.60     0.02603411
47237.70     0.03388210
47237.80     0.09700949
47237.90    -0.04665542
47238.00     0.18059506
47238.10     0.01765652
47238.20    -0.17829728
47238.30    -0.01939950
47238.40     0.09364525
47238.50    -0.13279890
47238.60    -0.04325918
47238.70     0.13527465
47238.80    -0.03354669
47238.90    -0.12481684
47239.00    -0.21058699
47239.10    -0.01214691
47239.20    -0.07955192
47239.30    -0.01528852
47239.40    -0.05210703
47239.50    -0.06999431
47239.60     0.01755086
47239.70     0.08930138
47239.80    -0.00847538
47239.90     0.00534280
47240.00    -0.19156158
47240.10    -0.04211590
47240.20    -0.04449308
47240.30    -0.12100905
47240.40    -0.14972953
47240.50    -0.03063229
47240.60    -0.19908816
47240.70    -0.13173479
47240.80     0.17577143
47240.90    -0.12749371
47241.00    -0.17359804
47241.10    -0.13295521
47241.20    -0.08790982
47241.30    -0.11404307
47241.40    -0.09207963
47241.50    -0.17610489
47241.60    -0.20037878
47241.70    -0.15101798
47241.80    -0.15862046
47241.90    -0.18246585
47242.00    -0.23300026
47242.10    -0.25887629
47242.20    -0.29480579
47242.30    -0.30566421
47242.40    -0.36232063
47242.50    -0.33456069
47242.60    -0.31845245
47242.70    -0.31741410
47242.80    -0.31416747
47242.90    -0.28935584
47243.00    -0.30979046
47243.10    -0.32963485
47243.20    -0.40553209
47243.30    -0.44809306
47243.40    -0.34637254
47243.50    -0.38829041
47243.60    -0.25999948
47243.70    -0.28854066
47243.80    -0.21755159
47243.90    -0.22309348
47244.00    -0.24380210
47244.10    -0.19395201
47244.20    -0.33975393
47244.30    -0.18364649
47244.40    -0.21873312
47244.50    -0.15325759
47244.60    -0.10231162
47244.70    -0.16213997
47244.80    -0.05352551
47244.90    -0.12978421
47245.00    -0.17230529
47245.10    -0.11157221
47245.20    -0.12429249
47245.30    -0.05986664
47245.40     0.02963973
47245.50    -0.06059347
47245.60     0.17353861
47245.70    -0.10505631
47245.80    -0.22708911
47245.90    -0.28398487
47246.00    -0.25234094
47246.10    -0.10760986
47246.20    -0.19647761
47246.30    -0.04896123
47246.40    -0.04204097
47246.50     0.00507119
47246.60     0.06598837
47246.70     0.03951201
47246.80    -0.00866156
47246.90     0.03617384
47247.00     0.03244548
47247.10    -0.04918511
47247.20     0.05888391
47247.30     0.15493046
47247.40     0.05422198
47247.50     0.15591443
47247.60     0.13333644
47247.70     0.11509635
47247.80     0.06733455
47247.90    -0.04704913
47248.00     0.02725434
47248.10     0.10809911
47248.20     0.11932593
47248.30     0.08044884
47248.40     0.09693487
47248.50     0.12584697
47248.60     0.14774330
47248.70     0.14401811
47248.80     0.19545156
47248.90     0.10531305
47249.00     0.12034354
47249.10     0.09494767
47249.20     0.09916709
47249.30     0.07297787
47249.40    -0.00365849
47249.50     0.01209226
47249.60     0.00736839
47249.70     0.07632770
47249.80    -0.00269601
47249.90    -0.00728114
47250.00     0.03336112
47250.10    -0.02494522
47250.20    -0.00401786
47250.30    -0.05853828
47250.40    -0.04839930
47250.50     0.10730392
47250.60     0.03978654
47250.70     0.11836912
47250.80    -0.07270047
47250.90    -0.17621668
47251.00    -0.22782336
47251.10    -0.16705324
47251.20    -0.03872457
47251.30    -0.03446418
47251.40    -0.03001568
47251.50    -0.01974688
47251.60    -0.06057432
47251.70     0.01317295
47251.80     0.09210019
47251.90     0.01639918
47252.00    -0.09086652
47252.10    -0.12055222
47252.20    -0.40366420
47252.30    -0.18252538
47252.40    -0.31656173
47252.50    -0.39977887
47252.60    -0.21958402
47252.70    -0.36053342
47252.80    -0.11802217
47252.90    -0.15450788
47253.00    -0.14436957
47253.10    -0.09065618
47253.20    -0.13494232
47253.30    -0.21497618
47253.40    -0.30930710
47253.50    -0.31930965
47253.60    -0.27938360
47253.70    -0.39636123
47253.80    -0.39276353
47253.90    -0.38691422
47254.00    -0.35171863
47254.10    -0.26711896
47254.20    -0.16533373
47254.30    -0.20457910
47254.40    -0.19323279
47254.50    -0.18837695
47254.60    -0.18610942
47254.70    -0.37160555
47254.80    -0.29011086
47254.90    -0.25386110
47255.00    -0.18354107
47255.10    -0.16107382
47255.20    -0.16756938
47255.30    -0.13670588
47255.40    -0.05104992
47255.50     0.01905382
47255.60     0.16476181
47255.70     0.16636157
47255.80     0.28480256
47255.90     0.43512762
47256.00     0.56798232
47256.10     0.44949695
47256.20     0.49364376
47256.30     0.45118257
47256.40     0.34709918
47256.50     0.28944489
47256.60     0.27601263
47256.70     0.13116585
47256.80     0.16815434
47256.90     0.25853661
47257.00     0.27999252
47257.10     0.27337909
47257.20     0.38114306
47257.30     0.35312873
47257.40     0.48810577
47257.50     0.46792039
47257.60     0.40677312
47257.70     0.49783391
47257.80     0.40236738
47257.90     0.29439145
47258.00     0.28489482
47258.10     0.31938991
47258.20     0.32031795
47258.30     0.29089111
47258.40     0.36765721
47258.50     0.27492002
47258.60     0.25395501
47258.70     0.25696269
47258.80     0.32890302
47258.90     0.42056686
47259.00     0.58344966
47259.10     0.56442976
47259.20     0.54252440
47259.30     0.38284463
47259.40     0.35790649
47259.50     0.24939302
47259.60     0.11398394
47259.70    -0.00801601
47259.80    -0.25404942
47259.90    -0.22609715
47260.00    -0.25851411
47260.10     0.53082758
47260.20     0.10508950
47260.30     0.07491954
47260.40     0.05601678
47260.50    -0.38493305
47260.60    -0.34919134
47260.70    -0.44285074
47260.80    -0.37277240
47260.90    -0.26003873
47261.00    -0.33457163
47261.10    -0.30968347
47261.20    -0.24480549
47261.30    -0.19673799
47261.40    -0.03296021
47261.50    -0.17884527
47261.60     0.04502279
47261.70    -0.43162444
47261.80    -0.18104631
47261.90     0.06349983
47262.00     0.22160444
47262.10     0.19974360
47262.20     0.27781561
47262.30    -0.30071625
47262.40    -0.32915035
47262.50    -0.08225441
47262.60     0.08883159
47262.70     0.02341123
47262.80     0.11512876
47262.90    -0.09463817
47263.00    -0.03459660
47263.10    -0.16527151
47263.20    -0.16538022
47263.30    -0.14351104
47263.40    -0.07776629
47263.50     0.08442943
47263.60    -0.28235430
47263.70     0.00538457
47263.80     0.06003274
47263.90     0.08544350
47264.00    -0.16987075
47264.10    -0.03353740
47264.20     0.14433576
47264.30     0.02084836
47264.40     0.20008354
47264.50    -0.17170241
47264.60    -0.07458401
47264.70     0.11180509
47264.80    -0.07988063
47264.90     0.19069391
47265.00     0.34008357
47265.10     0.22977805
47265.20     0.45963401
47265.30     0.26832959
47265.40     0.27209988
47265.50     0.36918253
47265.60     0.47798544
47265.70     0.53781295
47265.80     0.53875029
47265.90     0.68788904
47266.00     0.74095845
47266.10     0.71769726
47266.20     0.60219628
47266.30     0.38718528
47266.40     0.48439875
47266.50     0.66941839
47266.60     0.52329904
47266.70     0.55808944
47266.80     0.52980107
47266.90     0.46875533
47267.00     0.44949952
47267.10     0.35536733
47267.20     0.25201827
47267.30     0.10694752
47267.40     0.23225658
47267.50     0.18900456
47267.60     0.05932789
47267.70     0.07470745
47267.80    -0.16177282
47267.90    -0.20555188
47268.00    -0.35486662
47268.10    -0.40555748
47268.20    -0.50029278
47268.30    -0.49155611
47268.40    -0.52583653
47268.50    -0.62328905
47268.60    -0.62944841
47268.70    -0.69280648
47268.80    -0.71944082
47268.90    -0.56647384
47269.00    -0.28391531
47269.10    -0.05792579
47269.20    -0.61333603
47269.30     0.04606172
47269.40    -0.72190070
47269.50    -1.42834282
47269.60    -0.23146956
47269.70    -0.58822769
47269.80     0.32405502
47269.90    -0.52814788
47270.00    -0.20129243
47270.10    -0.12974337
47270.20    -0.37245047
47270.30    -0.36827946
47270.40    -0.61584735
47270.50    -0.45626032
47270.60    -0.78557968
47270.70    -0.02746716
47270.80    -0.33180553
47270.90    -0.37254986
47271.00    -0.31074259
47271.10    -0.45761278
47271.20    -0.37098730
47271.30    -0.21829657
47271.40    -0.31528988
47271.50    -0.25260517
47271.60    -0.27567315
47271.70    -0.28621978
47271.80    -0.28388074
47271.90    -0.24729393
47272.00    -0.09165818
47272.10    -0.04789605
47272.20    -0.06559686
47272.30    -0.08563448
47272.40    -0.14298889
47272.50    -0.06177458
47272.60    -0.04834019
47272.70    -0.11813311
47272.80    -0.09405053
47272.90    -0.12059997
47273.00    -0.10348424
47273.10    -0.24539827
47273.20    -0.26750481
47273.30    -0.14230564
47273.40    -0.15094526
47273.50    -0.14586541
47273.60    -0.06038657
47273.70    -0.16601261
47273.80     0.15221778
47273.90    -0.13456187
47274.00    -0.07563329
47274.10    -0.01320282
47274.20     0.06367355
47274.30     0.22780772
47274.40     0.18154766
47274.50     0.31420299
47274.60     0.41881660
47274.70     0.30044296
47274.80     0.34986234
47274.90     0.44839209
47275.00     0.41303423
47275.10     0.27230805
47275.20     0.29881087
47275.30     0.34570453
47275.40     0.27290776
47275.50    -0.02348617
47275.60    -0.00900166
47275.70     0.07623108
47275.80     0.09729085
47275.90     0.21296996
47276.00     0.42898324
47276.10     0.15823822
47276.20     0.13412316
47276.30     0.04633091
47276.40    -0.19080962
47276.50    -0.02125995
47276.60    -0.09698600
47276.70    -0.15456164
47276.80    -0.22598779
47276.90    -0.46811122
47277.00    -0.33365732
47277.10    -0.33967924
47277.20    -0.37004757
47277.30    -0.40532044
47277.40    -0.42491278
47277.50    -0.41552612
47277.60    -0.51390433
47277.70    -0.64586049
47277.80    -0.68574369
47277.90    -0.59333789
47278.00    -0.51377082
47278.10    -0.54297227
47278.20    -0.64140981
47278.30    -0.73986673
47278.40    -0.39665008
47278.50     0.71053022
47278.60    -0.26790500
47278.70     0.40567070
47278.80     0.11431365
47278.90     0.14325139
47279.00     0.03140816
47279.10     0.01067305
47279.20     0.04993398
47279.30     0.26941296
47279.40    -0.06266364
47279.50    -0.29759774
47279.60     0.15138678
47279.70    -0.10341828
47279.80    -0.05063964
47279.90    -0.11887233
47280.00     0.28724694
47280.10     0.08532949
47280.20    -0.05344080
47280.30    -0.11781249
47280.40     0.26132262
47280.50     0.13175602
47280.60     0.01239243
47280.70     0.03455741
47280.80     0.55902702
47280.90     0.59665477
47281.00    -0.12172140
47281.10    -0.00982355
47281.20     0.55063176
47281.30     0.78575492
47281.40    -0.01705585
47281.50    -0.11407942
47281.60     0.24196774
47281.70    -0.09257707
47281.80     0.52173156
47281.90     0.02057034
47282.00     0.45777866
47282.10    -0.15374389
47282.20    -0.00090551
47282.30     0.04868979
47282.40     0.04155238
47282.50    -0.49924314
47282.60    -0.55392665
47282.70    -0.31024566
47282.80     0.12776084
47282.90    -0.05091809
47283.00    -0.47064197
47283.10    -0.30771625
47283.20    -0.46776798
47283.30    -0.08736413
47283.40    -0.42810488
47283.50     0.41750512
47283.60     0.29355448
47283.70    -0.05679936
47283.80    -0.52480298
47283.90    -0.21590741
47284.00    -0.14384407
47284.10    -0.10529701
47284.20    -0.06309732
47284.30     0.49102348
47284.40     0.31657872
47284.50    -0.20726967
47284.60     0.19536453
47284.70     0.14009173
47284.80     0.10801637
47284.90     0.41173223
47285.00     0.47380528
47285.10     0.45563233
47285.20     0.40396479
47285.30     0.48080835
47285.40     0.66868746
47285.50     0.84425867
47285.60     0.71258646
47285.70     0.54748386
47285.80     0.25680062
47285.90     0.59335518
47286.00     0.08775538
47286.10     0.23916553
47286.20    -0.01948283
47286.30     0.15683492
47286.40     0.63464767
47286.50     0.15821365
47286.60     0.26269892
47286.70     0.29385129
47286.80     0.04509454
47286.90     0.19817516
47287.00     0.59989840
47287.10    -0.08980727
47287.20    -0.05016498
47287.30     0.01584384
47287.40    -0.16722660
47287.50     0.17184882
47287.60    -0.02050940
47287.70     0.01825841
47287.80    -0.08015245
47287.90    -0.05369892
47288.00     0.00283322
47288.10    -0.08569445
47288.20     0.10883164
47288.30    -0.04687610
47288.40     0.24087927
47288.50    -0.25539038
47288.60    -0.08383387
47288.70     0.03572245
47288.80    -0.15486968
47288.90     0.22871295
47289.00     0.25430760
47289.10    -0.32316825
47289.20    -0.46586028
47289.30    -0.75947046
47289.40    -0.41609913
47289.50    -0.39631501
47289.60    -0.46370748
47289.70    -0.36821833
47289.80    -0.44140363
47289.90    -0.48274559
47290.00    -0.46960241
47290.10    -0.33263716
47290.20    -0.22209819
47290.30    -0.23700890
47290.40    -0.22769043
47290.50    -0.34583130
47290.60    -0.45284081
47290.70    -0.31587693
47290.80    -0.37524259
47290.90    -0.50505435
47291.00    -0.35813552
47291.10    -0.29741430
47291.20    -0.27995208
47291.30    -0.24761830
47291.40    -0.24225095
47291.50    -0.35299131
47291.60    -0.46055627
47291.70    -0.44594100
47291.80    -0.39533845
47291.90    -0.48648307
47292.00    -0.31499928
47292.10    -0.41880050
47292.20    -0.43696249
47292.30    -0.37407988
47292.40    -0.28870195
47292.50    -0.28561088
47292.60    -0.33476594
47292.70    -0.40117291
47292.80    -0.46120176
47292.90    -0.36678585
47293.00    -0.39666077
47293.10    -0.37745973
47293.20    -0.32402879
47293.30    -0.34686762
47293.40    -0.42679399
47293.50    -0.48985019
47293.60    -0.49769676
47293.70    -0.42314553
47293.80    -0.36181065
47293.90    -0.42538670
47294.00    -0.40481466
47294.10    -0.44247961
47294.20    -0.38701266
47294.30    -0.36649793
47294.40    -0.43890947
47294.50    -0.41984400
47294.60    -0.51645964
47294.70    -0.43696454
47294.80    -0.42393872
47294.90    -0.41217190
47295.00    -0.30066797
47295.10    -0.41941279
47295.20    -0.41409791
47295.30    -0.24394214
47295.40    -0.29089439
47295.50    -0.28616646
47295.60    -0.27050894
47295.70    -0.10578650
47295.80    -0.08632834
47295.90    -0.14634804
47296.00    -0.09159876
47296.10    -0.26783377
47296.20    -0.19462578
47296.30    -0.22784695
47296.40    -0.28900030
47296.50    -0.25290284
47296.60    -0.32577914
47296.70    -0.24379922
47296.80    -0.16605565
47296.90    -0.14489557
47297.00    -0.26215893
47297.10    -0.25969547
47297.20    -0.28970721
47297.30    -0.28309846
47297.40    -0.36632600
47297.50    -0.18622321
47297.60    -0.52007234
47297.70    -0.55149275
47297.80    -0.30497175
47297.90    -0.06398489
47298.00    -0.21171387
47298.10    -0.12990925
47298.20    -0.10389833
47298.30    -0.03430429
47298.40    -0.26752692
47298.50    -0.14792795
47298.60     0.00191077
47298.70    -0.08751740
47298.80    -0.03852556
47298.90    -0.19884339
47299.00    -0.24145511
47299.10    -0.26310369
47299.20    -0.05241115
47299.30    -0.26434639
47299.40     0.00744730
47299.50     0.03668444
47299.60     0.17212197
47299.70     0.03815041
47299.80     0.02681958
47299.90    -0.31770223
47300.00    -0.37000018
47300.10     0.10676522
47300.20    -0.26083943
47300.30    -0.52541482
47300.40    -0.52227998
47300.50    -0.54127830
47300.60    -0.04916809
47300.70    -0.03558612
47300.80    -0.51677430
47300.90    -0.20222196
47301.00    -0.04669465
47301.10    -0.68161774
47301.20    -0.19030339
47301.30    -0.32214797
47301.40    -0.14166822
47301.50    -0.04765543
47301.60    -0.23957905
47301.70    -0.05579621
47301.80    -0.11948995
47301.90    -0.35339093
47302.00    -0.48409146
47302.10    -0.17947066
47302.20    -0.29711643
47302.30    -0.15166189
47302.40    -0.09061911
47302.50    -0.50041938
47302.60    -0.56974429
47302.70    -0.45916304
47302.80    -0.64803213
47302.90    -0.36678720
47303.00    -0.33500707
47303.10    -0.61248755
47303.20    -0.45559838
47303.30    -0.37651035
47303.40    -0.55539554
47303.50    -1.00807893
47303.60    -0.82461923
47303.70    -0.92879772
47303.80    -0.79587501
47303.90    -1.53019774
47304.00    -1.77537119
47304.10    -1.06612670
47304.20    -1.06159246
47304.30    -1.14110863
47304.40    -0.87750196
47304.50    -1.32509160
47304.60    -0.36355785
47304.70    -0.55903721
47304.80    -0.11105332
47304.90    -0.18726671
47305.00    -0.45796520
47305.10     0.41553119
47305.20     0.44528067
47305.30     0.46694374
47305.40     0.42124528
47305.50     0.43967611
47305.60     0.35747409
47305.70     0.41950244
47305.80     0.55995452
47305.90     0.29390597
47306.00     0.07080856
47306.10    -0.14734033
47306.20     0.00491233
47306.30    -0.25904796
47306.40     0.05327260
47306.50     0.33363429
47306.60     0.31164637
47306.70     0.52013361
47306.80     0.67768961
47306.90     0.77934903
47307.00     0.91162705
47307.10     1.00824094
47307.20     1.15006220
47307.30     0.79260486
47307.40     0.60924608
47307.50     0.04659282
47307.60    -0.32609960
47307.70    -1.41338634
47307.80    -1.42887831
47307.90    -0.34595430
47308.00     0.24152206
47308.10    -0.05641059
47308.20     0.14247723
47308.30    -0.28842944
47308.40    -0.46406576
47308.50    -0.36926687
47308.60    -0.49014345
47308.70    -0.41252044
47308.80    -0.17812955
47308.90    -0.48561430
47309.00    -0.40573767
47309.10    -0.47076395
47309.20    -0.48355412
47309.30    -0.50152671
47309.40    -0.43031007
47309.50     0.99198002
47309.60     0.51870191
47309.70     1.07137346
47309.80     0.15996158
47309.90     0.72755086
47310.00     0.42976698
47310.10     0.76953506
47310.20     0.59058958
47310.30    -0.86869192
47310.40    -1.34167790
47310.50    -0.84098327
47310.60    -0.23276512
47310.70    -0.10134719
47310.80    -0.24953237
47310.90     0.27013558
47311.00     0.11091221
47311.10    -0.86036122
47311.20    -1.08583474
47311.30    -0.84403080
47311.40    -0.95484245
47311.50    -0.78092468
47311.60    -0.35593930
47311.70    -0.79711032
47311.80    -0.17109816
47311.90    -0.66574210
47312.00    -0.20206085
47312.10    -0.26951820
47312.20    -0.38709825
47312.30    -0.36378330
47312.40    -0.27212468
47312.50    -0.44980571
47312.60    -0.32733208
47312.70    -0.37900272
47312.80    -0.26697204
47312.90    -0.44553578
47313.00    -0.39505592
47313.10    -0.58574253
47313.20    -0.31688732
47313.30    -0.15928552
47313.40    -0.12727693
47313.50    -0.00416358
47313.60     0.20581481
47313.70     0.03370816
47313.80     0.11775038
47313.90     0.17020047
47314.00     0.01084832
47314.10    -0.01867537
47314.20     0.11182176
47314.30    -0.09797679
47314.40     0.01502439
47314.50    -0.31539664
47314.60    -0.26301301
47314.70    -0.17191535
47314.80    -0.02757759
47314.90     0.12673727
47315.00     0.15442850
47315.10    -0.02284094
47315.20    -0.21502952
47315.30     0.20629258
47315.40    -0.09199988
47315.50     0.04482078
47315.60     0.20029658
47315.70     0.26276976
47315.80     0.41008380
47315.90     0.26717219
47316.00     0.33352453
47316.10    -0.09837069
47316.20     0.08932810
47316.30     0.11652183
47316.40     0.59723788
47316.50     0.15009597
47316.60    -0.11573762
47316.70     0.02447275
47316.80    -0.16818216
47316.90     0.34805018
47317.00     0.44942576
47317.10     0.37969941
47317.20    -0.00924834
47317.30     0.56236851
47317.40     0.20571841
47317.50     0.72370386
47317.60     0.63132399
47317.70    -0.01167387
47317.80    -0.31278798
47317.90    -0.20940635
47318.00    -0.64091593
47318.10    -0.65823889
47318.20    -0.64121413
47318.30    -0.79914898
47318.40    -1.06395876
47318.50    -0.97848666
47318.60    -0.83666575
47318.70    -0.77058232
47318.80    -0.37462533
47318.90    -0.56516117
47319.00    -0.49166805
47319.10    -0.39445421
47319.20    -0.53897893
47319.30    -0.56059366
47319.40    -0.98811722
47319.50    -0.90387446
47319.60    -0.87142611
47319.70    -0.49942663
47319.80    -1.00770950
47319.90    -0.67887497
47320.00    -1.05649281
47320.10    -0.71481133
47320.20    -0.92401934
47320.30    -0.45218170
47320.40    -0.00062244
47320.50     0.19653159
47320.60     0.44201764
47320.70     0.59517646
47320.80     0.62363917
47320.90     0.62295908
47321.00     0.52968282
47321.10     0.44249147
47321.20     0.32915720
47321.30     0.33658192
47321.40     0.50404572
47321.50     0.37855858
47321.60     0.87648016
47321.70     0.82016081
47321.80     0.92005026
47321.90     0.75557643
47322.00     0.40709600
47322.10     0.52091765
47322.20     0.24441323
47322.30     0.33474958
47322.40     0.36978805
47322.50     0.26101142
47322.60    -0.00717713
47322.70     0.28565329
47322.80     0.06451453
47322.90    -0.12005227
47323.00     0.26605225
47323.10     0.56246436
47323.20     0.44177303
47323.30     0.34124565
47323.40     0.53771311
47323.50     0.50855219
47323.60     0.27650154
47323.70     0.33817950
47323.80     0.29748756
47323.90     0.19377427
47324.00     0.46779504
47324.10     0.01034789
47324.20     0.62533355
47324.30    -0.27195451
47324.40    -0.08357582
47324.50    -0.20919521
47324.60    -0.33950576
47324.70    -0.10066535
47324.80    -0.79692245
47324.90    -0.61299264
47325.00    -0.22898662
47325.10     0.01691411
47325.20    -0.09473225
47325.30     0.11096335
47325.40     0.02784292
47325.50    -0.29723883
47325.60    -0.08270648
47325.70    -0.04972552
47325.80    -0.09448467
47325.90    -0.03457630
47326.00    -0.17587146
47326.10     0.06555472
47326.20     0.07699145
47326.30    -0.01866782
47326.40    -0.08754242
47326.50     0.17083248
47326.60     0.32899910
47326.70     0.10359891
47326.80    -1.00511646
47326.90    -0.57705712
47327.00    -0.26368767
47327.10     0.10856017
47327.20     0.54564291
47327.30     0.35839224
47327.40     0.35870406
47327.50    -0.04878915
47327.60     0.21663003
47327.70    -0.31245008
47327.80    -0.13431256
47327.90     0.06677052
47328.00    -0.48711303
47328.10    -0.28282768
47328.20    -0.59458745
47328.30    -0.23974934
47328.40    -0.27294624
47328.50    -0.36763278
47328.60     0.70206410
47328.70     0.34034440
47328.80     0.29769713
47328.90    -0.01875686
47329.00    -0.21008451
47329.10     0.52293622
47329.20     1.06859601
47329.30    -0.69582605
47329.40    -0.72219801
47329.50    -1.23285472
47329.60    -2.04510951
47329.70    -1.17064106
47329.80    -0.85723227
47329.90    -2.03308558
47330.00     0.93894595
47330.10     1.28800738
47330.20     2.21295357
47330.30    -1.64746606
47330.40    -3.36187196
47330.50    -2.46002960
47330.60     0.14338584
47330.70    -0.50411004
47330.80    -0.42945653
47330.90     0.01152256
47331.00    -1.05205929
47331.10    -2.08342481
47331.20    -1.36686790
47331.30    -2.43800950
47331.40    -3.11185861
47331.50    -1.95607758
47331.60    -1.28802228
47331.70    -1.65670133
47331.80    -1.24770010
47331.90    -0.82006544
47332.00    -1.50728297
47332.10    -1.01511180
47332.20    -0.78250211
47332.30    -0.18879792
47332.40     0.49928510
47332.50     0.97868800
47332.60     1.00785708
47332.70     0.15983815
47332.80     0.38197309
47332.90    -0.08761740
47333.00    -0.93806219
47333.10    -1.65773749
47333.20    -0.22992715
47333.30     0.23234917
47333.40     0.37051854
47333.50     0.41804665
47333.60     0.73931831
47333.70     0.65648896
47333.80     0.87241215
47333.90     0.45004967
47334.00     0.72891128
47334.10     0.79472595
47334.20     1.17552924
47334.30     1.08384907
47334.40     1.19952750
47334.50     1.85476029
47334.60     0.89767909
47334.70     0.48779771
47334.80     0.38894802
47334.90     0.92185879
47335.00     0.70580381
47335.10     0.88456428
47335.20     0.61099112
47335.30     0.64964259
47335.40     1.08262980
47335.50    -0.04172427
47335.60    -0.27425361
47335.70     0.76001716
47335.80     0.56888664
47335.90     1.26084602
47336.00     0.75638777
47336.10     1.17626059
47336.20     0.90340841
47336.30     0.47885838
47336.40     0.97785127
47336.50     0.57043177
47336.60     0.99548507
47336.70     0.35833600
47336.80     1.63609791
47336.90     1.32593918
47337.00     2.03800130
47337.10     1.99987459
47337.20     1.58441424
47337.30    -0.28766823
47337.40    -0.37056628
47337.50    -0.78514099
47337.60    -2.05840325
47337.70    -2.69016266
47337.80    -2.64802790
47337.90    -3.15340543
47338.00    -2.64540601
47338.10    -2.61040258
47338.20    -2.48862314
47338.30    -0.32752043
47338.40    -0.58329725
47338.50     0.69346923
47338.60    -1.82270265
47338.70    -0.91208607
47338.80    -1.41814482
47338.90    -1.42803991
47339.00    -0.76263928
47339.10    -0.65487099
47339.20    -1.35490572
47339.30    -0.92521125
47339.40     0.47721756
47339.50    -0.30850881
47339.60     0.01653360
47339.70    -0.40684965
47339.80    -0.22957620
47339.90    -0.40369859
47340.00    -1.28450978
47340.10    -1.86471498
47340.20    -2.25764465
47340.30    -1.91477060
47340.40    -2.21123481
47340.50    -1.85312164
47340.60    -1.70019841
47340.70    -1.35033047
47340.80    -0.68443912
47340.90    -1.31619275
47341.00     0.09132481
47341.10    -0.01593435
47341.20    -0.00873350
47341.30     1.07155597
47341.40    -0.05523103
47341.50     0.05070242
47341.60     0.46655515
47341.70    -0.12405776
47341.80     0.02539706
47341.90    -0.10852309
47342.00    -0.17028560
47342.10    -0.08953619
47342.20     0.57129133
47342.30    -0.04397873
47342.40    -0.20869334
47342.50    -0.05665586
47342.60    -0.41551396
47342.70    -0.16255109
47342.80    -0.29016268
47342.90    -1.42729807
47343.00    -1.48499966
47343.10    -1.94251955
47343.20    -1.35497952
47343.30    -0.88915062
47343.40    -0.24187963
47343.50    -0.53787303
47343.60     0.50638902
47343.70    -0.04801506
47343.80     0.58125919
47343.90    -0.04999195
47344.00     0.30854151
47344.10    -1.13303709
47344.20    -0.89371616
47344.30     0.57565153
47344.40     0.64353013
47344.50     0.66243398
47344.60     1.46528637
47344.70     2.48227835
47344.80     1.41147828
47344.90     1.36993682
47345.00     0.22791104
47345.10     0.75415874
47345.20     0.84906763
47345.30    -0.45738450
47345.40     0.41809508
47345.50    -0.41720995
47345.60    -0.40694004
47345.70     0.17104402
47345.80     0.47615835
47345.90    -0.04621147
47346.00    -1.47343159
47346.10    -1.91330945
47346.20    -1.51708198
47346.30    -1.41810954
47346.40    -1.85129631
47346.50    -1.40163612
47346.60    -1.44853938
47346.70    -1.47217643
47346.80    -0.53783751
47346.90    -0.53616816
47347.00    -0.59717739
47347.10    -0.47843337
47347.20    -0.72387660
47347.30    -0.24697104
47347.40    -0.21107590
47347.50    -1.32532561
47347.60    -1.96469903
47347.70    -1.89259577
47347.80    -2.23030066
47347.90    -1.64859617
47348.00    -1.56372869
47348.10    -1.83337140
47348.20    -0.46324584
47348.30    -0.84053940
47348.40    -0.97817522
47348.50    -0.83397019
47348.60    -1.01142418
47348.70    -1.08221400
47348.80    -0.11267857
47348.90     0.01095369
47349.00    -0.07419415
47349.10    -0.05782047
47349.20    -0.57859409
47349.30    -0.48709404
47349.40     1.15723801
47349.50    -0.49789864
47349.60     1.70476663
47349.70     0.09748656
47349.80     1.69103193
47349.90    -0.91647112
47350.00     1.20575976
47350.10     0.61607516
47350.20     1.22308433
47350.30     1.13954175
47350.40     3.05038977
47350.50     2.59056163
47350.60     2.12008643
47350.70     0.48453298
47350.80     0.91082591
47350.90     1.47841573
47351.00     1.81570566
47351.10     2.45663142
47351.20     2.09831715
47351.30     1.58503366
47351.40     2.20953870
47351.50     1.54496992
47351.60     0.35136449
47351.70    -1.07953298
47351.80    -1.03269374
47351.90    -1.06744409
47352.00     0.80986708
47352.10    -0.46253052
47352.20    -0.22747576
47352.30    -0.40100104
47352.40    -0.20506361
47352.50    -0.82629269
47352.60    -1.18104184
47352.70    -1.19711411
47352.80    -0.37118587
47352.90    -0.23270404
47353.00     0.05970888
47353.10     0.37121204
47353.20    -0.03149742
47353.30     0.37623975
47353.40    -0.36321753
47353.50     0.48936790
47353.60     0.58526456
47353.70     0.21071607
47353.80     0.60971659
47353.90     0.32753277
47354.00     0.06256553
47354.10    -0.00538785
47354.20     0.53533053
47354.30     0.04115678
47354.40    -0.52140409
47354.50    -0.47567803
47354.60    -0.27951488
47354.70    -0.57907462
47354.80    -0.93876088
47354.90    -0.95170629
47355.00    -1.07660222
47355.10    -1.08311915
47355.20    -0.35103655
47355.30    -0.77775013
47355.40    -0.55832547
47355.50    -0.72365308
47355.60    -1.51998532
47355.70    -1.28260362
47355.80    -1.65052724
47355.90    -1.29636502
47356.00    -0.43891850
47356.10    -0.75262129
47356.20    -0.41903391
47356.30    -0.33641469
47356.40    -0.60963178
47356.50    -0.40453178
47356.60    -0.82115054
47356.70     0.10658522
47356.80    -0.40886682
47356.90    -0.54494923
47357.00    -0.63177025
47357.10    -0.70132738
47357.20    -0.72953391
47357.30    -0.87414205
47357.40    -1.35618353
47357.50    -1.44893277
47357.60    -0.16405274
47357.70    -0.22382060
47357.80     0.25578848
47357.90     0.78388441
47358.00     0.57140934
47358.10     0.41585493
47358.20     0.36743617
47358.30     0.21163952
47358.40    -0.36856750
47358.50    -0.28900707
47358.60    -0.71127170
47358.70    -0.58916456
47358.80    -0.56928307
47358.90    -1.07640982
47359.00    -0.40669444
47359.10    -0.30243394
47359.20    -0.37059784
47359.30    -0.50475252
47359.40     0.15983592
47359.50     0.22637610
47359.60     0.27754712
47359.70     0.03142590
47359.80    -0.29362515
47359.90     0.56602454
47360.00    -0.09886445
47360.10     0.26525363
47360.20     0.54721761
47360.30     0.27725357
47360.40     0.33367077
47360.50     0.07604504
47360.60    -0.48782378
47360.70     0.27130750
47360.80     0.58656424
47360.90     0.45453525
47361.00     0.41354868
47361.10    -0.31066310
47361.20     0.57455862
47361.30    -0.70911187
47361.40     0.53604203
47361.50     0.64434028
47361.60     0.16988224
47361.70    -1.22407615
47361.80    -1.25256515
47361.90    -0.96003139
47362.00     0.20154597
47362.10    -0.53090608
47362.20    -0.51809317
47362.30    -0.38855916
47362.40    -0.79487669
47362.50    -1.08839393
47362.60    -1.51145411
47362.70    -1.47308397
47362.80    -0.67798430
47362.90    -0.13703376
47363.00    -0.25585061
47363.10    -0.15916301
47363.20     0.14493044
47363.30     0.45070899
47363.40    -0.14376481
47363.50    -0.39815894
47363.60     0.22444899
47363.70     0.33282670
47363.80     1.07894683
47363.90     0.78693962
47364.00     0.90493679
47364.10     0.38936123
47364.20    -0.08804120
47364.30     0.55927038
47364.40    -0.09046393
47364.50     0.81641096
47364.60     1.42651391
47364.70     1.62667835
47364.80     1.31723404
47364.90     1.05786097
47365.00     1.22504413
47365.10     0.66403699
47365.20     0.56373924
47365.30    -0.17764068
47365.40    -0.11125907
47365.50    -0.29375717
47365.60    -0.19020611
47365.70     0.16761644
47365.80    -0.02940021
47365.90    -0.19619399
47366.00    -0.36956570
47366.10    -0.12201130
47366.20    -0.05790720
47366.30    -0.16046591
47366.40    -0.08903204
47366.50     0.19095625
47366.60     1.75167072
47366.70     0.94630587
47366.80     0.66210908
47366.90    -0.89136982
47367.00    -0.31648776
47367.10     0.99281687
47367.20    -1.43761158
47367.30    -0.93460518
47367.40    -0.92932671
47367.50    -0.00625511
47367.60     0.57885218
47367.70    -0.35686368
47367.80     0.11904653
47367.90    -0.03363586
47368.00     0.17998162
47368.10    -0.39757806
47368.20    -0.42960414
47368.30     0.00639602
47368.40    -0.15103701
47368.50     0.00153266
47368.60    -0.59411210
47368.70    -0.68106180
47368.80    -0.47287646
47368.90    -0.45279559
47369.00    -0.71268380
47369.10    -0.38987875
47369.20    -0.75402695
47369.30    -0.53386778
47369.40    -0.40537977
47369.50    -0.40717778
47369.60    -0.41755480
47369.70    -0.38389659
47369.80    -0.13705257
47369.90    -0.26851162
47370.00    -0.35325596
47370.10    -0.17344129
47370.20    -0.17361015
47370.30     0.00801422
47370.40     0.08468752
47370.50    -0.20666611
47370.60    -0.10702858
47370.70     0.21050231
47370.80     0.54641414
47370.90     0.06620928
47371.00    -0.38748679
47371.10     0.40695632
47371.20     0.56899017
47371.30     0.21979067
47371.40     0.45880127
47371.50     0.84798211
47371.60     0.89377564
47371.70     0.91813785
47371.80     0.80441666
47371.90     0.43093202
47372.00    -0.70793408
47372.10    -1.20961165
47372.20    -0.68242973
47372.30     0.17291820
47372.40     0.22491491
47372.50     0.31429088
47372.60     0.90565938
47372.70     0.94448781
47372.80     0.80929023
47372.90     0.51633227
47373.00     0.41619882
47373.10     0.69273293
47373.20     0.45581779
47373.30     0.45142624
47373.40     0.36392248
47373.50     0.32427692
47373.60     0.30639395
47373.70     0.24063085
47373.80     0.31476873
47373.90     0.16257423
47374.00     0.07347421
47374.10     0.35920051
47374.20     0.31790289
47374.30     0.40310091
47374.40     0.31339240
47374.50     0.57751685
47374.60     0.75101602
47374.70     0.80499423
47374.80     0.80449748
47374.90     0.86506301
47375.00     0.65803367
47375.10     0.72300142
47375.20     0.55978876
47375.30     0.01737910
47375.40     0.21182244
47375.50    -1.11099815
47375.60     0.00371338
47375.70     1.12852085
47375.80     1.00990903
47375.90     1.55147803
47376.00     1.75238824
47376.10     1.99574351
47376.20     1.19170737
47376.30     0.16913058
47376.40    -0.36567220
47376.50    -1.55311179
47376.60    -1.84035790
47376.70    -1.57126963
47376.80    -1.93640125
47376.90    -1.50305021
47377.00    -1.82972908
47377.10    -1.88625944
47377.20    -1.69262636
47377.30    -2.31596828
47377.40    -1.33555388
47377.50    -2.20244765
47377.60    -2.35736108
47377.70    -1.80558527
47377.80    -2.10250187
47377.90    -1.75581670
47378.00    -1.14506459
47378.10    -0.86202276
47378.20    -1.44659388
47378.30    -0.92054123
47378.40    -0.59902495
47378.50    -0.41608378
47378.60    -0.90117586
47378.70    -1.22249806
47378.80    -1.64495647
47378.90    -1.78438282
47379.00    -0.66578722
47379.10    -0.91606343
47379.20    -0.35826489
47379.30    -0.34775212
47379.40     0.10723481
47379.50     0.33082446
47379.60     1.69780123
47379.70     1.33953154
47379.80     1.72356820
47379.90     1.61931586
47380.00     1.59982228
47380.10     1.92320359
47380.20     2.22203898
47380.30     1.54971659
47380.40     0.93345612
47380.50     1.08828330
47380.60     1.22485662
47380.70     1.06258523
47380.80     0.96712917
47380.90     0.63215667
47381.00     0.89171916
47381.10     0.69086736
47381.20     1.33512080
47381.30     0.95925331
47381.40    -0.13422872
47381.50    -0.25661954
47381.60    -0.53544855
47381.70    -0.79203087
47381.80    -1.05047512
47381.90    -0.36185849
47382.00    -0.37821424
47382.10    -0.50400388
47382.20    -0.84602910
47382.30    -0.09459899
47382.40    -0.34100804
47382.50    -0.28335887
47382.60    -0.04506916
47382.70    -0.01715057
47382.80     0.13040057
47382.90     0.05096938
47383.00     0.01098015
47383.10     0.27826187
47383.20     0.52252609
47383.30     0.28303799
47383.40     0.31821507
47383.50     0.73424685
47383.60    -0.54371339
47383.70     0.04504494
47383.80     0.39254388
47383.90     0.39930224
47384.00     0.15898003
47384.10     0.04353105
47384.20    -0.03777438
47384.30    -0.12232300
47384.40    -0.38637164
47384.50    -0.33762872
47384.60     0.22520688
47384.70    -0.33919457
47384.80    -0.17344014
47384.90    -0.26383996
47385.00     0.30725703
47385.10    -0.58181685
47385.20    -0.32457697
47385.30    -0.84295255
47385.40    -0.58067966
47385.50    -1.02457356
47385.60    -0.30781811
47385.70    -0.40075058
47385.80    -0.54026914
47385.90    -0.53790277
47386.00    -1.01133859
47386.10    -0.96903104
47386.20    -0.77637285
47386.30    -0.49702811
47386.40    -0.17341861
47386.50    -0.18165088
47386.60     0.03650329
47386.70     0.06358480
47386.80     0.25369498
47386.90     0.12321185
47387.00    -0.15027836
47387.10     0.11481764
47387.20     0.17355917
47387.30     0.20416293
47387.40     0.49022731
47387.50     0.30117205
47387.60     0.29571363
47387.70     0.15407871
47387.80     0.56140381
47387.90     0.36819500
47388.00     0.35404506
47388.10     0.44077051
47388.20     0.39618358
47388.30     0.09077153
47388.40     0.25145373
47388.50     0.39846987
47388.60     0.73533064
47388.70     0.63164502
47388.80     0.56660491
47388.90     0.02541031
47389.00    -0.08965253
47389.10     0.43378872
47389.20     0.22873802
47389.30     0.42131430
47389.40     0.45635608
47389.50     0.08164176
47389.60     0.52952188
47389.70     0.50728494
47389.80     0.61182857
47389.90     0.30758160
47390.00     0.42599979
47390.10     0.17589895
47390.20    -0.04027712
47390.30    -0.03339190
47390.40     0.01836056
47390.50     0.49431369
47390.60    -0.15152906
47390.70     0.02656680
47390.80     0.02078121
47390.90    -0.43508542
47391.00    -0.25432014
47391.10    -0.11703583
47391.20     0.02730649
47391.30     0.16055679
47391.40     0.30734378
47391.50    -0.14768976
47391.60    -0.08178738
47391.70    -0.11470600
47391.80    -0.15501782
47391.90    -0.04173724
47392.00    -0.12173683
47392.10    -0.17320614
47392.20    -0.19741283
47392.30    -0.16808796
47392.40    -0.25276345
47392.50    -0.23542784
47392.60    -0.15324646
47392.70    -0.20858280
47392.80    -0.22165248
47392.90    -0.25393549
47393.00    -0.31694338
47393.10    -0.35660717
47393.20    -0.49052057
47393.30    -0.40465066
47393.40    -0.28784859
47393.50    -0.61945856
47393.60    -0.82335335
47393.70    -0.92062813
47393.80    -0.87222457
47393.90    -1.13251436
47394.00    -0.64496022
47394.10    -1.17582750
47394.20    -0.48961493
47394.30    -0.67076111
47394.40    -0.61137855
47394.50    -0.32787645
47394.60    -0.11086290
47394.70    -0.64702225
47394.80    -0.71311432
47394.90    -0.89834112
47395.00    -0.86513132
47395.10    -0.32120168
47395.20    -0.65722406
47395.30    -0.25482464
47395.40    -0.55649608
47395.50    -0.26926658
47395.60    -0.46203500
47395.70    -0.75818014
47395.80    -0.81230044
47395.90    -0.99023819
47396.00    -1.12865508
47396.10    -0.12892985
47396.20     0.39333737
47396.30     0.29435045
47396.40    -0.00544875
47396.50    -0.83523661
47396.60    -0.22905871
47396.70    -0.43519679
47396.80    -0.47794044
47396.90    -0.55992126
47397.00    -0.45258594
47397.10    -0.17068128
47397.20    -0.30628791
47397.30    -0.31991735
47397.40     0.15462528
47397.50     0.68271220
47397.60     0.67473906
47397.70     0.53154081
47397.80     0.29506910
47397.90     0.28396237
47398.00    -0.77431041
47398.10    -0.19363977
47398.20    -0.08601999
47398.30    -0.67693228
47398.40     0.24535885
47398.50    -0.76664799
47398.60    -1.14086103
47398.70    -1.81859219
47398.80    -0.61943686
47398.90     0.37547275
47399.00    -0.04887768
47399.10     0.44337660
47399.20     1.47336721
47399.30     1.44434500
47399.40     1.94396508
47399.50     1.79530692
47399.60     1.68460512
47399.70     1.00197899
47399.80     0.62161219
47399.90     0.05727438
47400.00    -0.63506418
47400.10    -0.39873153
47400.20     0.70183849
47400.30     0.71216518
47400.40     0.33296698
47400.50     0.51914036
47400.60     0.83954793
47400.70     1.03215468
47400.80     2.01944399
47400.90     1.61676717
47401.00     2.19325638
47401.10     1.38450944
47401.20     1.07008052
47401.30     0.89857858
47401.40     0.43389058
47401.50     0.87776309
47401.60     1.05128920
47401.70     0.82156438
47401.80    -0.29633036
47401.90     0.25370464
47402.00     1.03673315
47402.10    -0.02206883
47402.20    -0.17671043
47402.30     1.25400865
47402.40     0.82471210
47402.50     0.04980748
47402.60    -0.23930383
47402.70    -0.62144929
47402.80    -0.16206208
47402.90    -0.03814844
47403.00     0.01076143
47403.10    -0.48910588
47403.20     0.30097583
47403.30     0.19117628
47403.40     0.28373250
47403.50    -0.01769695
47403.60    -0.47423819
47403.70    -0.06204063
47403.80     0.40401223
47403.90     0.59164464
47404.00     0.38184059
47404.10     0.26283607
47404.20    -0.22403269
47404.30     0.85123509
47404.40    -0.30743665
47404.50     0.12815091
47404.60     0.05726548
47404.70     0.30787826
47404.80     0.57356745
47404.90     0.24018867
47405.00     1.28631556
47405.10     0.61521006
47405.20     0.16423309
47405.30     0.73654747
47405.40    -0.03763788
47405.50     0.36737943
47405.60    -0.28724855
47405.70    -0.34767693
47405.80    -0.02674331
47405.90     0.03262781
47406.00    -0.30686903
47406.10    -0.58144492
47406.20    -1.09131396
47406.30    -0.81706798
47406.40    -0.00797451
47406.50    -1.07587302
47406.60    -0.09972280
47406.70    -0.32400525
47406.80    -0.55621094
47406.90    -0.54630399
47407.00    -0.21972075
47407.10    -0.24601142
47407.20    -0.00092580
47407.30     0.16705652
47407.40     0.61069101
47407.50     0.17938349
47407.60     0.19978479
47407.70     0.34260795
47407.80     0.47154224
47407.90     1.06151521
47408.00     0.48398665
47408.10     0.84507692
47408.20     0.16096543
47408.30     0.16640200
47408.40     0.53983843
47408.50     0.74469280
47408.60     0.93149549
47408.70     0.38867369
47408.80     0.04562533
47408.90    -0.40354553
47409.00    -0.03170422
47409.10    -0.10029357
47409.20     1.20616853
47409.30    -0.99702644
47409.40    -1.19252408
47409.50     0.21820386
47409.60     0.81352770
47409.70    -1.31358480
47409.80    -1.52592409
47409.90    -1.32845962
47410.00    -0.33964592
47410.10     0.12345048
47410.20    -0.43382686
47410.30     0.35575241
47410.40     0.24320905
47410.50    -0.52112240
47410.60    -0.14541154
47410.70     0.27892682
47410.80    -0.21376894
47410.90     0.87675697
47411.00     1.06557035
47411.10     1.61489451
47411.20     1.69088948
47411.30     0.89304167
47411.40     1.74175119
47411.50     1.96733403
47411.60     0.53006899
47411.70    -0.23286997
47411.80     1.48584473
47411.90     0.90686470
47412.00     0.78170860
47412.10     0.42723441
47412.20     0.60294104
47412.30     1.43881035
47412.40     0.75283492
47412.50     0.70093173
47412.60     0.45085135
47412.70     0.50051486
47412.80     0.91328430
47412.90     0.76401675
47413.00     1.31617093
47413.10     1.56358337
47413.20     0.25962874
47413.30     1.96272659
47413.40     1.41713655
47413.50     2.07545090
47413.60     0.30478576
47413.70     0.40880930
47413.80    -0.13200186
47413.90    -0.35308728
47414.00    -0.71544737
47414.10    -1.31387031
47414.20    -0.84528881
47414.30     0.89951664
47414.40     1.20562446
47414.50     0.25495645
47414.60     0.81954271
47414.70    -0.62456536
47414.80    -0.55180848
47414.90    -0.86960727
47415.00    -0.75692129
47415.10    -0.83454585
47415.20     0.13412277
47415.30    -0.27813363
47415.40    -0.75265068
47415.50    -0.72818261
47415.60    -1.16541624
47415.70    -1.21044636
47415.80    -0.76273978
47415.90    -0.15697774
47416.00    -0.23807175
47416.10    -0.51381594
47416.20    -1.19533324
47416.30    -0.87871808
47416.40    -0.65214163
47416.50    -0.25120154
47416.60    -0.20629987
47416.70     0.03143065
47416.80    -0.61656487
47416.90    -0.24433897
47417.00     0.02637254
47417.10     0.17514482
47417.20     0.34606299
47417.30     0.02027785
47417.40     0.33759043
47417.50     0.10868613
47417.60     1.17122293
47417.70     0.05378242
47417.80     0.30766952
47417.90    -0.79529458
47418.00    -0.68381560
47418.10    -0.60720617
47418.20    -0.51304150
47418.30    -0.67669952
47418.40    -0.68864292
47418.50    -0.45998517
47418.60     0.70782846
47418.70    -0.16581270
47418.80    -0.12958890
47418.90    -0.34140480
47419.00    -0.12612994
47419.10     0.68769050
47419.20     0.05493191
47419.30    -0.00517434
47419.40     0.01414397
47419.50    -0.16479290
47419.60     0.02264401
47419.70     0.05545723
47419.80     0.68549639
47419.90     0.92060900
47420.00     0.71216512
47420.10     1.68589687
47420.20     2.32857800
47420.30     2.95615625
47420.40     0.59445286
47420.50     0.93973786
47420.60     1.78885293
47420.70    -0.77423304
47420.80     0.40380630
47420.90    -0.90275937
47421.00     0.98235190
47421.10    -0.54015034
47421.20     1.21161401
47421.30     1.47540784
47421.40     1.01595652
47421.50     1.21846271
47421.60     1.41767097
47421.70     0.78786516
47421.80     0.06834433
47421.90     0.35995388
47422.00     0.65516412
47422.10     0.24066822
47422.20    -0.48106289
47422.30    -0.11742950
47422.40    -0.38276550
47422.50    -0.02542975
47422.60    -0.80683976
47422.70    -1.57611799
47422.80    -1.71689928
47422.90    -2.04982972
47423.00    -2.83543062
47423.10    -0.51176649
47423.20    -0.53188288
47423.30    -0.42673594
47423.40    -0.93554795
47423.50     0.80141944
47423.60    -0.57518309
47423.70    -0.24114698
47423.80    -0.44286352
47423.90    -0.34148735
47424.00    -0.20225467
47424.10     0.13798904
47424.20     0.12164170
47424.30    -0.04618158
47424.40    -0.37284228
47424.50    -1.75690961
47424.60    -0.34603474
47424.70    -0.03949732
47424.80    -0.97904283
47424.90    -1.36418891
47425.00    -0.77736294
47425.10    -0.49209628
47425.20     0.46939597
47425.30    -0.17705604
47425.40    -0.21311563
47425.50     0.20200609
47425.60    -0.01112520
47425.70     0.41964993
47425.80     0.03622730
47425.90     0.02744009
47426.00     0.14007145
47426.10    -0.05914870
47426.20    -0.14201514
47426.30    -0.15102439
47426.40    -1.11610854
47426.50    -0.82774997
47426.60    -0.01187891
47426.70    -0.05899312
47426.80    -0.30455762
47426.90    -0.40570670
47427.00    -0.38335356
47427.10    -0.34079757
47427.20    -0.65560484
47427.30    -0.56876850
47427.40     0.40337762
47427.50    -0.14576122
47427.60    -0.18070062
47427.70    -0.08089617
47427.80     0.49950463
47427.90     0.54148823
47428.00    -0.58522981
47428.10    -0.36870033
47428.20    -0.11767315
47428.30     0.34062698
47428.40    -0.05218191
47428.50    -0.08213045
47428.60     0.23252915
47428.70    -0.02238200
47428.80    -0.22950350
47428.90     0.18062323
47429.00    -0.35953900
47429.10    -0.57681251
47429.20    -0.19472329
47429.30     0.02088229
47429.40     0.12305342
47429.50    -0.30968460
47429.60    -0.36016211
47429.70    -0.23910464
47429.80    -0.44425455
47429.90    -0.33766347
47430.00    -0.69278818
47430.10    -0.35014668
47430.20    -0.01142691
47430.30    -0.39995050
47430.40    -0.52993572
47430.50     0.27457374
47430.60     0.36092904
47430.70     0.11604416
47430.80    -0.05816444
47430.90     0.22470374
47431.00    -0.34172168
47431.10    -0.45792204
47431.20    -0.97777891
47431.30    -0.16626702
47431.40    -0.15176651
47431.50    -0.05406272
47431.60    -0.14734650
47431.70    -0.16002224
47431.80    -0.23491524
47431.90    -0.12724282
47432.00    -0.67436469
47432.10    -0.19731949
47432.20    -0.46021426
47432.30    -0.51274616
47432.40    -0.30915549
47432.50    -0.29227281
47432.60    -0.39909467
47432.70    -0.57737875
47432.80    -0.43954003
47432.90    -0.17637563
47433.00    -0.32355210
47433.10    -0.40405014
47433.20    -0.84514219
47433.30    -0.74338108
47433.40    -0.43903410
47433.50    -0.30457723
47433.60    -0.36507341
47433.70    -0.23337001
47433.80    -0.08090711
47433.90    -0.17617457
47434.00    -0.56134498
47434.10    -0.33871683
47434.20    -0.26016200
47434.30    -0.44948143
47434.40    -0.10338876
47434.50    -0.39427125
47434.60    -1.03412175
47434.70    -0.54584259
47434.80    -0.03944097
47434.90    -0.52082199
47435.00     0.52350014
47435.10     0.49821982
47435.20     0.37844667
47435.30     0.26191777
47435.40     0.21108730
47435.50    -0.53586507
47435.60    -0.14586495
47435.70     0.09220500
47435.80    -0.48996353
47435.90    -0.27186164
47436.00    -0.89038992
47436.10    -0.60633862
47436.20    -0.31993735
47436.30    -0.83672500
47436.40     0.63704103
47436.50    -1.03201330
47436.60     0.04189298
47436.70    -1.09199965
47436.80    -0.42562473
47436.90     0.45150760
47437.00     0.54993480
47437.10    -1.32531738
47437.20    -0.66824919
47437.30    -0.86513203
47437.40    -0.09601574
47437.50    -0.26524252
47437.60    -0.60139161
47437.70    -0.47568873
47437.80    -0.29416165
47437.90    -0.39030108
47438.00     0.44303215
47438.10     0.49220353
47438.20    -0.78115410
47438.30     0.01613796
47438.40    -0.14814672
47438.50    -0.07502259
47438.60    -0.64251286
47438.70    -0.89747596
47438.80    -0.59810877
47438.90    -0.51674747
47439.00     0.33673576
47439.10     0.81458658
47439.20    -0.53960168
47439.30    -0.93573558
47439.40    -0.01489590
47439.50     0.12484375
47439.60    -0.84841925
47439.70    -0.60799485
47439.80    -0.80220056
47439.90    -0.13645387
47440.00    -0.55625457
47440.10    -1.21507704
47440.20     0.56474173
47440.30     0.59180582
47440.40    -0.71128124
47440.50    -0.33181590
47440.60    -0.86459714
47440.70    -0.53025228
47440.80    -0.38246584
47440.90    -0.77175862
47441.00    -0.18227933
47441.10     0.19912764
47441.20    -0.13303471
47441.30     0.44830096
47441.40     0.25412658
47441.50     0.33512992
47441.60     0.98221815
47441.70     0.49403948
47441.80    -0.11987516
47441.90    -0.32318500
47442.00    -0.20029873
47442.10     0.08062129
47442.20    -0.44937244
47442.30    -0.23030868
47442.40    -0.90920198
47442.50    -0.28031462
47442.60    -0.44050333
47442.70    -0.95616215
47442.80    -0.20883083
47442.90    -0.32932389
47443.00     0.29545191
47443.10     0.23050529
47443.20     0.40065852
47443.30    -0.34403154
47443.40    -0.42187205
47443.50     0.10109775
47443.60    -0.43887624
47443.70    -0.18605427
47443.80    -0.24493785
47443.90     0.04526245
47444.00     0.39448950
47444.10     0.16516893
47444.20     0.59098154
47444.30    -0.02274328
47444.40     0.33954173
47444.50     0.34842563
47444.60     0.16968486
47444.70     0.22216469
47444.80     0.55034065
47444.90     0.31553394
47445.00     0.39388436
47445.10     0.27033326
47445.20     0.20128825
47445.30     0.55880779
47445.40     0.27701563
47445.50    -0.03012960
47445.60    -0.13080260
47445.70    -0.16358729
47445.80     0.05356645
47445.90     0.57252705
47446.00     0.11414921
47446.10     0.17226727
47446.20    -0.37293804
47446.30     0.17193547
47446.40     0.05446355
47446.50     0.07082936
47446.60     0.22850898
47446.70     0.34074801
47446.80     0.17176190
47446.90    -0.11884656
47447.00    -0.13437667
47447.10    -0.10772976
47447.20     0.26635405
47447.30     0.13190296
47447.40    -0.03689292
47447.50    -0.11726898
47447.60     0.36874670
47447.70     0.14008774
47447.80    -0.01152283
47447.90    -0.35555393
47448.00    -0.30989015
47448.10    -0.55110478
47448.20    -0.38697812
47448.30    -0.36324987
47448.40    -0.25828782
47448.50    -0.37611759
47448.60    -0.07914404
47448.70    -0.04935317
47448.80    -0.09557573
47448.90    -0.50694388
47449.00    -0.22486632
47449.10    -0.36082891
47449.20    -0.25420177
47449.30    -0.09025355
47449.40    -0.64789337
47449.50    -0.19130248
47449.60     0.02807711
47449.70    -0.13627532
47449.80    -0.01557436
47449.90    -0.52623409
47450.00     0.06509559
47450.10    -0.03662767
47450.20     0.06255116
47450.30     0.17392257
47450.40     0.06877483
47450.50     0.26488882
47450.60    -0.00283160
47450.70     0.18963927
47450.80     0.01830598
47450.90     0.16774984
47451.00     0.04629524
47451.10     0.06039484
47451.20     0.05479534
47451.30     0.19143346
47451.40     0.25163642
47451.50     0.01229678
47451.60    -0.07931157
47451.70    -0.29815671
47451.80    -0.08530893
47451.90    -0.09906206
47452.00     0.17722771
47452.10     0.01544577
47452.20     0.05076931
47452.30    -0.12941073
47452.40    -0.02730419
47452.50    -0.18798159
47452.60    -0.18729778
47452.70     0.04308783
47452.80     0.27083370
47452.90    -0.32807615
47453.00     0.23278171
47453.10     0.06541807
47453.20     0.26191449
47453.30     0.13512690
47453.40     0.31632045
47453.50     0.15703444
47453.60     0.21586391
47453.70    -0.25361651
47453.80     0.11635658
47453.90    -0.04733776
47454.00     0.22096904
47454.10     0.08746982
47454.20     0.52858919
47454.30     0.03411599
47454.40     0.14708005
47454.50    -0.25762519
47454.60    -0.24984357
47454.70    -0.30800766
47454.80    -0.05101692
47454.90    -0.07513399
47455.00    -0.05875395
47455.10     0.03037236
47455.20    -0.41301277
47455.30    -0.12898265
47455.40    -0.15769340
47455.50    -0.03509909
47455.60    -0.28492948
47455.70    -0.16438226
47455.80    -0.07358806
47455.90    -0.11515503
47456.00    -0.06309529
47456.10    -0.21156099
47456.20    -0.35439759
47456.30    -0.19187242
47456.40    -0.21546619
47456.50    -0.16186883
47456.60    -0.12746669
47456.70    -0.00481603
47456.80     0.03586429
47456.90    -0.15666446
47457.00    -0.16645189
47457.10     0.06714221
47457.20     0.10860617
47457.30    -0.08286429
47457.40    -0.09005948
47457.50    -0.06448599
47457.60    -0.18073004
47457.70    -0.16203395
47457.80    -0.25318909
47457.90    -0.27020800
47458.00    -0.25162703
47458.10    -0.01093491
47458.20     0.40581673
47458.30     0.35934854
47458.40     0.40751401
47458.50    -0.04706558
47458.60    -0.21297149
47458.70     0.18099192
47458.80     0.13163203
47458.90     0.27086976
47459.00     0.22379839
47459.10     0.02543896
47459.20     0.08067060
47459.30     0.10495093
47459.40     0.16973919
47459.50     0.11147676
47459.60     0.19522852
47459.70     0.29858375
47459.80     0.14018324
47459.90     0.16703074
47460.00    -0.09603637
47460.10    -0.32893133
47460.20     0.21899599
47460.30    -0.40804431
47460.40    -0.63105482
47460.50    -0.07237580
47460.60     0.04792724
47460.70     0.07409766
47460.80    -0.10299133
47460.90     0.08436324
47461.00    -0.50299901
47461.10     0.02908560
47461.20    -0.11485791
47461.30    -0.03267497
47461.40    -0.18563776
47461.50    -0.00086612
47461.60     0.03919978
47461.70     0.04539260
47461.80     0.08932181
47461.90     0.08195868
47462.00    -0.02560506
47462.10     0.01380498
47462.20     0.05408231
47462.30    -0.03249785
47462.40    -0.07543218
47462.50    -0.03075152
47462.60    -0.09980144
47462.70    -0.01450844
47462.80    -0.10627537
47462.90    -0.21052502
47463.00     0.02020056
47463.10    -0.13802028
47463.20    -0.06161016
47463.30     0.00340835
47463.40    -0.15186226
47463.50     0.38978481
47463.60     0.07732433
47463.70     0.04897950
47463.80    -0.12210603
47463.90     0.12005925
47464.00     0.07573700
47464.10     0.15817674
47464.20    -0.00696697
47464.30     0.13755539
47464.40     0.08488248
47464.50     0.06525426
47464.60     0.14212838
47464.70     0.17282628
47464.80     0.23931603
47464.90     0.10939211
47465.00     0.03454516
47465.10     0.19504803
47465.20     0.11393376
47465.30     0.03083304
47465.40     0.34007925
47465.50     0.30500203
47465.60     0.08815707
47465.70    -0.32561624
47465.80    -0.08994642
47465.90     0.01476682
47466.00    -0.11280999
47466.10    -0.22868654
47466.20    -0.16859375
47466.30    -0.14766972
47466.40    -0.12178934
47466.50     0.02168390
47466.60    -0.00000015
47466.70     0.22585435
47466.80    -0.22209951
47466.90    -0.28796169
47467.00    -0.11626317
47467.10    -0.04774207
47467.20    -0.21375373
47467.30    -0.10007476
47467.40    -0.18349253
47467.50    -0.20874529
47467.60    -0.36512050
47467.70    -0.26828444
47467.80    -0.05877528
47467.90    -0.39574793
47468.00    -0.38444465
47468.10    -0.23864917
47468.20    -0.30276108
47468.30    -0.17636830
47468.40    -0.27646926
47468.50    -0.38283694
47468.60    -0.13781482
47468.70    -0.07014106
47468.80    -0.00502053
47468.90    -0.01788784
47469.00     0.04908746
47469.10     0.00289801
47469.20     0.29193491
47469.30     0.17818406
47469.40    -0.08455687
47469.50    -0.03458170
47469.60    -0.03393674
47469.70     0.11728508
47469.80     0.04210394
47469.90     0.00788132
47470.00     0.00262279
47470.10    -0.03943763
47470.20    -0.04495902
47470.30    -0.04289120
47470.40    -0.05098534
47470.50    -0.08009564
47470.60    -0.10529903
47470.70    -0.02889346
47470.80    -0.14514878
47470.90    -0.30986488
47471.00    -0.11408799
47471.10    -0.13261813
47471.20    -0.16944356
47471.30    -0.23584990
47471.40    -0.11251258
47471.50    -0.16095290
47471.60    -0.11676633
47471.70    -0.19894229
47471.80    -0.29708776
47471.90    -0.19627219
47472.00    -0.21463224
47472.10    -0.00964855
47472.20    -0.03901252
47472.30     0.03414880
47472.40    -0.05335912
47472.50     0.07702692
47472.60    -0.06371544
47472.70     0.06781981
47472.80     0.33550030
47472.90     0.08988798
47473.00     0.15394709
47473.10     0.12711272
47473.20     0.13466498
47473.30     0.60906565
47473.40     0.67756534
47473.50     0.43743917
47473.60     0.66493583
47473.70     0.36048922
47473.80     0.31482038
47473.90     0.21657065
47474.00     0.26775029
47474.10     0.22959399
47474.20    -0.20485923
47474.30    -0.34941921
47474.40    -0.13989705
47474.50     0.12069903
47474.60    -0.03890712
47474.70    -0.13823734
47474.80     0.07732975
47474.90     0.04359625
47475.00    -0.01884065
47475.10    -0.01836203
47475.20     0.06273222
47475.30    -0.07870137
47475.40    -0.01393363
47475.50    -0.02284008
47475.60     0.04761294
47475.70     0.03501369
47475.80     0.12110280
47475.90     0.14607312
47476.00     0.18829717
47476.10     0.25587621
47476.20     0.31953657
47476.30     0.31001899
47476.40     0.17503136
47476.50     0.14899035
47476.60     0.11916580
47476.70     0.08309066
47476.80     0.10946543
47476.90     0.05783374
47477.00     0.06674287
47477.10     0.11638977
47477.20     0.09155340
47477.30     0.03822529
47477.40     0.16646604
47477.50     0.07691760
47477.60     0.20884012
47477.70     0.19191101
47477.80     0.06485700
47477.90     0.26527238
47478.00     0.12826627
47478.10     0.25061482
47478.20     0.19537184
47478.30     0.22842038
47478.40     0.13285567
47478.50    -0.01360831
47478.60    -0.02254343
47478.70     0.03947932
47478.80     0.08041168
47478.90    -0.20937628
47479.00     0.06487451
47479.10    -0.16075402
47479.20    -0.01745544
47479.30    -0.11620536
47479.40     0.17632048
47479.50     0.28933144
47479.60     0.23106009
47479.70    -0.01795535
47479.80     0.10869037
47479.90     0.35871929
47480.00     0.33373144
47480.10    -0.15646505
47480.20    -0.02493978
47480.30     0.39052328
47480.40     0.57362628
47480.50    -0.07294706
47480.60     0.09333522
47480.70     0.27108377
47480.80    -0.10731382
47480.90    -0.41023520
47481.00    -0.25505558
47481.10     0.03750226
47481.20    -0.06694647
47481.30    -0.09691050
47481.40     0.54553783
47481.50     0.34283605
47481.60     0.37687397
47481.70    -0.00757649
47481.80    -0.07098135
47481.90    -0.11965276
47482.00    -0.00457074
47482.10    -0.21251760
47482.20     0.14497869
47482.30     0.59904015
47482.40    -0.12400790
47482.50     0.47576880
47482.60    -0.27455422
47482.70     0.07501693
47482.80     0.17570469
47482.90     0.02422468
47483.00     0.26702511
47483.10     0.10577621
47483.20     0.07400706
47483.30    -0.05572892
47483.40    -0.08967315
47483.50    -0.06866891
47483.60     0.02366108
47483.70    -0.00283764
47483.80    -0.09161875
47483.90    -0.08263163
47484.00     0.00907391
47484.10    -0.02345492
47484.20    -0.13121466
47484.30    -0.09811054
47484.40    -0.07300646
47484.50    -0.02499956
47484.60    -0.16055615
47484.70    -0.09795593
47484.80    -0.08330180
47484.90     0.01105859
47485.00    -0.05016975
47485.10    -0.07017323
47485.20    -0.07472970
47485.30    -0.13953991
47485.40     0.00884429
47485.50    -0.03395483
47485.60    -0.16033281
47485.70    -0.07240326
47485.80    -0.10681514
47485.90     0.02325947
47486.00     0.02234127
47486.10     0.14149337
47486.20    -0.03157070
47486.30    -0.08864135
47486.40     0.19689459
47486.50     0.32218668
47486.60     0.41559559
47486.70    -0.14268880
47486.80    -0.28003383
47486.90    -0.05284094
47487.00    -0.08085430
47487.10    -0.04906690
47487.20    -0.04589079
47487.30    -0.01354743
47487.40    -0.00366842
47487.50    -0.57010972
47487.60    -0.18535742
47487.70    -0.07129443
47487.80    -0.05270752
47487.90    -0.04168331
47488.00    -0.16583687
47488.10    -0.13844685
47488.20     0.02177160
47488.30     0.08230142
47488.40     0.06920243
47488.50     0.04086652
47488.60     0.01826877
47488.70    -0.06987910
47488.80    -0.22075884
47488.90     0.04940256
47489.00     0.02080333
47489.10    -0.11720674
47489.20    -0.10988041
47489.30    -0.19958156
47489.40    -0.10634620
47489.50    -0.13357437
47489.60    -0.03833150
47489.70    -0.06486873
47489.80     0.00270013
47489.90     0.00429241
47490.00    -0.15447220
47490.10     0.03271165
47490.20    -0.18037856
47490.30     0.05400252
47490.40     0.06539425
47490.50    -0.14169988
47490.60    -0.06881338
47490.70    -0.05598572
47490.80     0.06632282
47490.90    -0.05174416
47491.00    -0.02858251
47491.10    -0.07803067
47491.20    -0.11592586
47491.30     0.03266851
47491.40     0.04480890
47491.50    -0.03390129
47491.60    -0.06635050
47491.70    -0.09675378
47491.80     0.02210263
47491.90    -0.22310436
47492.00    -0.13938965
47492.10    -0.09852892
47492.20    -0.18210267
47492.30    -0.12109254
47492.40    -0.14849752
47492.50    -0.17242585
47492.60    -0.13743745
47492.70    -0.08192352
47492.80    -0.19336486
47492.90    -0.22633137
47493.00    -0.25159010
47493.10    -0.20247109
47493.20    -0.23874092
47493.30    -0.31876251
47493.40    -0.25842425
47493.50    -0.23830912
47493.60    -0.16467032
47493.70    -0.14971405
47493.80    -0.19346163
47493.90    -0.18557701
47494.00    -0.25212538
47494.10    -0.27556309
47494.20    -0.13508499
47494.30    -0.12235101
47494.40    -0.08979388
47494.50    -0.15058789
47494.60    -0.11566211
47494.70    -0.20870897
47494.80    -0.14970186
47494.90    -0.13158986
47495.00    -0.09335351
47495.10    -0.15617719
47495.20    -0.10642856
47495.30    -0.08288515
47495.40    -0.11257269
47495.50    -0.14177929
47495.60     0.00119611
47495.70    -0.03949743
47495.80     0.03992014
47495.90     0.01090186
47496.00    -0.07440767
47496.10     0.03193926
47496.20     0.13029958
47496.30     0.06813001
47496.40     0.24861950
47496.50    -0.01386998
47496.60     0.04498297
47496.70     0.18491197
47496.80     0.27986255
47496.90    -0.19684735
47497.00    -0.02639947
47497.10    -0.02534683
47497.20    -0.00265938
47497.30    -0.00332630
47497.40     0.02780449
47497.50     0.37500542
47497.60    -0.04228199
47497.70     0.09187684
47497.80    -0.18403883
47497.90    -0.26131016
47498.00    -0.15964876
47498.10    -0.00460028
47498.20    -0.19559306
47498.30    -0.02346637
47498.40     0.08117189
47498.50     0.11097657
47498.60     0.08577307
47498.70     0.03720753
47498.80     0.20278212
47498.90     0.07122847
47499.00     0.10046018
47499.10     0.15024653
47499.20     0.22084302
47499.30     0.15910240
47499.40     0.19764827
47499.50     0.29009435
47499.60     0.30250806
47499.70     0.14363857
47499.80     0.20492224
47499.90     0.08851818
47500.00     0.06671170
47500.10     0.12707812
47500.20     0.09112278
47500.30     0.15879488
47500.40     0.18597323
47500.50     0.19636849
47500.60     0.16553608
47500.70     0.24212073
47500.80     0.14533991
47500.90     0.27051812
47501.00     0.21354285
47501.10     0.25127459
47501.20     0.23522861
47501.30     0.30908480
47501.40     0.28313160
47501.50     0.34877121
47501.60     0.10176277
47501.70     0.26906785
47501.80     0.31625274
47501.90     0.16843894
47502.00     0.32268336
47502.10     0.34286359
47502.20     0.44050977
47502.30     0.29524159
47502.40     0.31302503
47502.50     0.31179729
47502.60     0.43670723
47502.70     0.39198625
47502.80     0.44888738
47502.90     0.49264786
47503.00     0.41755423
47503.10     0.41101781
47503.20     0.41058779
47503.30     0.47230422
47503.40     0.49693090
47503.50     0.49760926
47503.60     0.45216468
47503.70     0.42279720
47503.80     0.45034045
47503.90     0.54281443
47504.00     0.53642315
47504.10     0.52345121
47504.20     0.60820866
47504.30     0.59953523
47504.40     0.64138001
47504.50     0.63941550
47504.60     0.59824765
47504.70     0.66054356
47504.80     0.62171686
47504.90     0.51541501
47505.00     0.70636868
47505.10     0.58468735
47505.20     0.72310919
47505.30     0.67380500
47505.40     0.73847347
47505.50     0.73108083
47505.60     0.70865220
47505.70     0.65393674
47505.80     0.87174016
47505.90     0.83091480
47506.00     0.91145575
47506.10     0.80128837
47506.20     0.81353617
47506.30     0.82105392
47506.40     0.75342965
47506.50     0.75502801
47506.60     0.76647580
47506.70     0.81074911
47506.80     0.83598936
47506.90     0.89489001
47507.00     0.95834446
47507.10     0.93098909
47507.20     0.79726601
47507.30     0.76688910
47507.40     0.84206796
47507.50     0.88299268
47507.60     0.85541952
47507.70     0.70354670
47507.80     0.84667391
47507.90     0.80036598
47508.00     0.87930566
47508.10     0.85938072
47508.20     0.79202467
47508.30     0.81121665
47508.40     0.80743933
47508.50     0.82438463
47508.60     0.78715587
47508.70     0.81543165
47508.80     0.65985948
47508.90     0.72084451
47509.00     0.76198727
47509.10     0.80316383
47509.20     0.79626226
47509.30     0.70553589
47509.40     0.72350937
47509.50     0.69897807
47509.60     0.71925730
47509.70     0.65849990
47509.80     0.73188728
47509.90     0.74181789
47510.00     0.71871817
47510.10     0.70712405
47510.20     0.73884201
47510.30     0.70846552
47510.40     0.71999955
47510.50     0.69802088
47510.60     0.64683449
47510.70     0.70829701
47510.80     0.71805960
47510.90     0.68217337
47511.00     0.70758367
47511.10     0.63373870
47511.20     0.61539686
47511.30     0.61555856
47511.40     0.61670315
47511.50     0.61038059
47511.60     0.63044912
47511.70     0.62861168
47511.80     0.69281262
47511.90     0.66029924
47512.00     0.68825173
47512.10     0.66159302
47512.20     0.61939800
47512.30     0.58361882
47512.40     0.57790738
47512.50     0.58772194
47512.60     0.47997630
47512.70     0.44815609
47512.80     0.42088601
47512.90     0.43242735
47513.00     0.39864284
47513.10     0.41990003
47513.20     0.38321427
47513.30     0.42030960
47513.40     0.43066844
47513.50     0.39912885
47513.60     0.38755441
47513.70     0.37185302
47513.80     0.29010510
47513.90     0.22529808
47514.00     0.19454059
47514.10     0.23450324
47514.20     0.18495035
47514.30     0.16611326
47514.40     0.19789301
47514.50     0.25251025
47514.60     0.25102121
47514.70     0.42363709
47514.80     0.05316314
47514.90     0.17945492
47515.00     0.17670107
47515.10     0.13420185
47515.20     0.13382713
47515.30     0.10084691
47515.40     0.10839361
47515.50     0.10808095
47515.60     0.08882008
47515.70     0.09443821
47515.80     0.09291895
47515.90     0.09533916
47516.00     0.10965315
47516.10     0.09379601
47516.20     0.05557134
47516.30     0.06882545
47516.40     0.09674658
47516.50     0.07588984
47516.60     0.05980132
47516.70     0.04179673
47516.80     0.01704502
47516.90     0.02255360
47517.00     0.01885088
47517.10     0.01768345
47517.20    -0.00373779
47517.30    -0.02906908
47517.40    -0.06656425
47517.50    -0.11468563
47517.60    -0.15784518
47517.70    -0.17379227
47517.80    -0.12626523
47517.90    -0.08674146
47518.00    -0.06404843
47518.10    -0.05707728
47518.20    -0.03853121
47518.30    -0.04017892
47518.40    -0.07359799
47518.50    -0.09396561
47518.60    -0.08720444
47518.70     0.00480372
47518.80    -0.10630073
47518.90    -0.24068029
47519.00    -0.18769869
47519.10    -0.18633254
47519.20    -0.20168033
47519.30    -0.25219557
47519.40    -0.29183936
47519.50    -0.29947281
47519.60    -0.32482007
47519.70    -0.31909418
47519.80    -0.34481403
47519.90    -0.32469878
47520.00    -0.35560715
47520.10    -0.40074509
47520.20    -0.40994099
47520.30    -0.32483059
47520.40    -0.56001437
47520.50    -0.48753804
47520.60    -0.48210266
47520.70    -0.52680945
47520.80    -0.40236992
47520.90    -0.37759176
47521.00    -0.42112520
47521.10    -0.34935105
47521.20    -0.34281236
47521.30    -0.36148539
47521.40    -0.39853519
47521.50    -0.44796297
47521.60    -0.47658309
47521.70    -0.25414237
47521.80    -0.48241195
47521.90    -0.44718164
47522.00    -0.56166667
47522.10    -0.49190262
47522.20    -0.30789924
47522.30    -0.68360919
47522.40    -0.37134197
47522.50    -0.51153302
47522.60    -0.47232014
47522.70    -0.47584686
47522.80    -0.51836264
47522.90    -0.34783858
47523.00    -0.63285476
47523.10    -0.34352744
47523.20    -0.49352598
47523.30    -0.39819950
47523.40    -0.36356744
47523.50    -0.31882936
47523.60    -0.37727049
47523.70    -0.42475113
47523.80    -0.33164912
47523.90    -0.39327469
47524.00    -0.13651639
47524.10    -0.38950500
47524.20    -0.37705296
47524.30    -0.42472270
47524.40    -0.22503726
47524.50    -0.47764179
47524.60    -0.21900766
47524.70    -0.26103801
47524.80    -0.40712520
47524.90    -0.33128452
47525.00    -0.34716353
47525.10    -0.43746451
47525.20    -0.32211459
47525.30    -0.00490461
47525.40    -0.14905281
47525.50    -0.15554555
47525.60    -0.16627856
47525.70     0.07330231
47525.80    -0.20148535
47525.90    -0.13729371
47526.00    -0.26103479
47526.10    -0.35682270
47526.20    -0.21740821
47526.30    -0.10675410
47526.40     0.12433589
47526.50     0.09693164
47526.60    -0.02757272
47526.70    -0.06644516
47526.80     0.03888794
47526.90     0.07060430
47527.00     0.07898661
47527.10     0.09694137
47527.20     0.09715777
47527.30     0.12443160
47527.40     0.07715877
47527.50     0.12451919
47527.60     0.00610797
47527.70     0.00869337
47527.80    -0.00331295
47527.90     0.02971121
47528.00     0.12008150
47528.10     0.03689536
47528.20     0.00548492
47528.30     0.03771426
47528.40     0.08331330
47528.50    -0.04619078
47528.60     0.06002244
47528.70     0.05570691
47528.80     0.06716477
47528.90     0.14163008
47529.00    -0.02837437
47529.10     0.06013277
47529.20     0.35817254
47529.30     0.51379043
47529.40    -0.22230132
47529.50     0.05073401
47529.60    -0.03694173
47529.70     0.12726957
47529.80     0.24633637
47529.90     0.13303737
47530.00    -0.00840763
47530.10     0.04385451
47530.20    -0.12773451
47530.30     0.10067303
47530.40    -0.00116406
47530.50     0.02845697
47530.60     0.27423587
47530.70     0.19642352
47530.80     0.20719607
47530.90     0.18664953
47531.00     0.62648124
47531.10     0.02107470
47531.20     0.02636334
47531.30     0.10509533
47531.40     0.16740558
47531.50     0.07716347
47531.60     0.28838357
47531.70     0.25020969
47531.80     0.25992405
47531.90     0.37734658
47532.00     0.10693599
47532.10     0.22668478
47532.20     0.22642152
47532.30    -0.05339332
47532.40     0.31282598
47532.50     0.13162249
47532.60     0.03572803
47532.70     0.08077405
47532.80     0.01980212
47532.90     0.19485441
47533.00     0.09985612
47533.10     0.11007993
47533.20    -0.08874861
47533.30    -0.00661667
47533.40    -0.09551202
47533.50    -0.12663811
47533.60     0.12137810
47533.70     0.15895790
47533.80    -0.05587969
47533.90     0.16616277
47534.00     0.15192455
47534.10    -0.04143963
47534.20     0.01455585
47534.30     0.03691646
47534.40     0.13037720
47534.50     0.01243967
47534.60     0.06828999
47534.70    -0.00931646
47534.80     0.07662425
47534.90     0.02680981
47535.00    -0.13339227
47535.10     0.06806191
47535.20    -0.06547790
47535.30    -0.01627875
47535.40     0.00037921
47535.50    -0.09654873
47535.60    -0.04721874
47535.70    -0.11614444
47535.80    -0.11679525
47535.90    -0.02639622
47536.00    -0.06096271
47536.10    -0.00868777
47536.20     0.01408318
47536.30     0.02820439
47536.40    -0.02679594
47536.50    -0.11859164
47536.60    -0.17385465
47536.70    -0.14859693
47536.80    -0.15803725
47536.90    -0.16889584
47537.00    -0.15017679
47537.10    -0.12651348
47537.20    -0.12542313
47537.30    -0.19620223
47537.40    -0.13375472
47537.50    -0.18542591
47537.60    -0.18905105
47537.70    -0.33294562
47537.80    -0.24560653
47537.90    -0.21036674
47538.00    -0.29535669
47538.10    -0.13393340
47538.20    -0.23947443
47538.30    -0.12497149
47538.40    -0.20070091
47538.50    -0.29239851
47538.60    -0.25161436
47538.70    -0.17966184
47538.80    -0.19138309
47538.90    -0.10698596
47539.00    -0.43657583
47539.10    -0.38460317
47539.20    -0.26852408
47539.30    -0.36367521
47539.40    -0.27360734
47539.50    -0.16254902
47539.60    -0.32153648
47539.70    -0.35633418
47539.80    -0.26729691
47539.90    -0.26313770
47540.00    -0.25853106
47540.10    -0.17892599
47540.20    -0.03892684
47540.30    -0.30574337
47540.40     0.04237155
47540.50    -0.11524353
47540.60    -0.16328804
47540.70    -0.17447162
47540.80    -0.16215760
47540.90    -0.19548889
47541.00    -0.13695854
47541.10    -0.10044973
47541.20    -0.16018119
47541.30    -0.07725177
47541.40    -0.04848250
47541.50    -0.05617543
47541.60    -0.18580386
47541.70    -0.08202718
47541.80    -0.09915403
47541.90     0.31853479
47542.00     0.06829955
47542.10     0.06512539
47542.20    -0.08786028
47542.30     0.01201619
47542.40    -0.04144662
47542.50    -0.08861416
47542.60     0.10263771
47542.70    -0.24029508
47542.80     0.06027777
47542.90    -0.32029206
47543.00     0.00390432
47543.10    -0.00966292
47543.20    -0.00594324
47543.30    -0.04108212
47543.40     0.02588845
47543.50     0.10777552
47543.60    -0.01925042
47543.70     0.15222280
47543.80     0.13523267
47543.90     0.14832790
47544.00     0.05077800
47544.10     0.15482359
47544.20     0.07800214
47544.30    -0.06493519
47544.40     0.06641943
47544.50     0.11107595
47544.60     0.15672003
47544.70     0.22738847
47544.80     0.19254012
47544.90    -0.00115447
47545.00     0.10198846
47545.10     0.09282856
47545.20     0.04385840
47545.30     0.09490881
47545.40     0.16857862
47545.50     0.05959765
47545.60     0.10343550
47545.70     0.17670992
47545.80     0.13458818
47545.90     0.12567204
47546.00     0.17065908
47546.10     0.23064150
47546.20     0.18172115
47546.30     0.22627860
47546.40     0.13259684
47546.50     0.09941171
47546.60     0.13365956
47546.70     0.15360895
47546.80     0.21537372
47546.90     0.18836911
47547.00     0.23880942
47547.10     0.21491659
47547.20     0.21541621
47547.30     0.11931005
47547.40     0.23716132
47547.50     0.21384160
47547.60     0.21891405
47547.70     0.21838957
47547.80     0.20773381
47547.90     0.19208485
47548.00     0.18402104
47548.10     0.25124872
47548.20     0.22260088
47548.30     0.21458273
47548.40     0.15215258
47548.50     0.21584158
47548.60     0.19879577
47548.70     0.22962044
47548.80     0.18840110
47548.90     0.27612212
47549.00     0.18849613
47549.10     0.22963510
47549.20     0.18741205
47549.30     0.25680983
47549.40     0.21304123
47549.50     0.19963422
47549.60     0.15661852
47549.70     0.18558016
47549.80     0.14901361
47549.90     0.17096491
47550.00     0.18589196
47550.10     0.19682615
47550.20     0.23650268
47550.30     0.16493371
47550.40     0.05949122
47550.50     0.06110723
47550.60     0.11102550
47550.70     0.10455073
47550.80     0.13659635
47550.90     0.07992683
47551.00     0.11042333
47551.10     0.05355635
47551.20     0.09281601
47551.30     0.05117217
47551.40     0.12712213
47551.50     0.04035219
47551.60     0.08321077
47551.70     0.16625319
47551.80     0.22514692
47551.90     0.03090976
47552.00     0.12090927
47552.10     0.02596185
47552.20     0.02846120
47552.30     0.04237195
47552.40     0.02736958
47552.50     0.04486465
47552.60     0.09040930
47552.70     0.00687638
47552.80     0.06007969
47552.90     0.13046375
47553.00     0.03382502
47553.10    -0.01716602
47553.20     0.04746493
47553.30    -0.04512195
47553.40     0.13508488
47553.50     0.03581681
47553.60     0.04480426
47553.70    -0.00099238
47553.80    -0.01274547
47553.90    -0.01410274
47554.00    -0.02354901
47554.10     0.00989119
47554.20     0.00429285
47554.30    -0.13560775
47554.40    -0.03924832
47554.50    -0.14073417
47554.60    -0.21095233
47554.70    -0.08901078
47554.80    -0.08406603
47554.90    -0.13024202
47555.00    -0.21402924
47555.10    -0.21195571
47555.20    -0.13939042
47555.30    -0.19541110
47555.40    -0.17327543
47555.50    -0.20035629
47555.60    -0.18788588
47555.70    -0.15732732
47555.80    -0.15972646
47555.90    -0.15778135
47556.00    -0.12008663
47556.10    -0.07484485
47556.20    -0.12466656
47556.30    -0.13770030
47556.40    -0.22234340
47556.50    -0.29407826
47556.60    -0.21782601
47556.70    -0.21025884
47556.80    -0.21973413
47556.90    -0.22096276
47557.00    -0.19627823
47557.10    -0.09838504
47557.20    -0.15754914
47557.30    -0.08547632
47557.40    -0.11224252
47557.50    -0.08349377
47557.60    -0.08779509
47557.70    -0.12354714
47557.80    -0.14787930
47557.90    -0.05359169
47558.00    -0.12851323
47558.10    -0.11770083
47558.20    -0.06493203
47558.30    -0.12017958
47558.40    -0.09029029
47558.50    -0.13076000
47558.60    -0.14124557
47558.70    -0.05098902
47558.80    -0.04398808
47558.90    -0.04177996
47559.00    -0.07037362
47559.10    -0.02373322
47559.20     0.05290982
47559.30     0.03133446
47559.40    -0.02844683
47559.50    -0.02287711
47559.60    -0.02418244
47559.70     0.08914429
47559.80    -0.03365144
47559.90     0.09451130
47560.00     0.00726552
47560.10     0.01599792
47560.20    -0.02374865
47560.30     0.01207281
47560.40     0.02534747
47560.50     0.01263526
47560.60     0.03121589
47560.70    -0.00966947
47560.80    -0.06904837
47560.90     0.02908896
47561.00    -0.03637102
47561.10     0.00684876
47561.20    -0.04672501
47561.30    -0.04597379
47561.40     0.04820158
47561.50    -0.12912077
47561.60    -0.18813790
47561.70    -0.15640849
47561.80    -0.20709126
47561.90    -0.26748666
47562.00    -0.18124317
47562.10    -0.25939438
47562.20    -0.09451673
47562.30    -0.10304470
47562.40    -0.36848363
47562.50    -0.35745281
47562.60    -0.20493791
47562.70    -0.28074577
47562.80    -0.17866117
47562.90    -0.29651430
47563.00    -0.26950589
47563.10    -0.23227997
47563.20    -0.21286340
47563.30    -0.21006718
47563.40    -0.18631619
47563.50    -0.27163237
47563.60    -0.22771932
47563.70    -0.24039818
47563.80    -0.15017930
47563.90    -0.22593918
47564.00    -0.23676176
47564.10    -0.17250694
47564.20    -0.26514909
47564.30    -0.22328559
47564.40    -0.22112635
47564.50    -0.17428939
47564.60    -0.10642722
47564.70    -0.17357787
47564.80    -0.18110344
47564.90    -0.20359455
47565.00    -0.10491803
47565.10    -0.12266981
47565.20    -0.07413809
47565.30    -0.17310698
47565.40    -0.01042461
47565.50    -0.03346292
47565.60    -0.04577193
47565.70    -0.14599225
47565.80    -0.14586756
47565.90    -0.19001639
47566.00    -0.19536820
47566.10    -0.15796103
47566.20    -0.32534611
47566.30    -0.17335436
47566.40    -0.18727005
47566.50    -0.21436882
47566.60    -0.32941699
47566.70    -0.29402602
47566.80    -0.31403568
47566.90    -0.28984502
47567.00    -0.28401262
47567.10    -0.28237328
47567.20    -0.22365370
47567.30    -0.25180593
47567.40    -0.31321621
47567.50    -0.20875023
47567.60    -0.28560257
47567.70    -0.20720804
47567.80    -0.16802543
47567.90    -0.26335987
47568.00    -0.17317642
47568.10    -0.20150097
47568.20    -0.19863270
47568.30    -0.15670255
47568.40    -0.08029396
47568.50    -0.06266562
47568.60    -0.17824799
47568.70    -0.18537068
47568.80    -0.11511212
47568.90    -0.11639140
47569.00    -0.21646927
47569.10    -0.18698083
47569.20    -0.11561212
47569.30    -0.11736808
47569.40    -0.11151274
47569.50    -0.05907684
47569.60    -0.04787491
47569.70    -0.07296249
47569.80    -0.10270607
47569.90    -0.09420805
47570.00    -0.06694153
47570.10    -0.04907167
47570.20    -0.07550298
47570.30    -0.05183370
47570.40    -0.05555350
47570.50    -0.00221195
47570.60    -0.01891538
47570.70    -0.02506483
47570.80     0.00502989
47570.90    -0.02708748
47571.00     0.01350757
47571.10     0.00497821
47571.20    -0.00024148
47571.30     0.03357795
47571.40     0.02461284
47571.50     0.03711790
47571.60     0.02509286
47571.70     0.01297839
47571.80     0.05825533
47571.90     0.04207668
47572.00     0.04657734
47572.10     0.04998974
47572.20     0.05424406
47572.30     0.01437871
47572.40     0.07570045
47572.50     0.03836221
47572.60     0.03639143
47572.70     0.06968893
47572.80     0.05441408
47572.90     0.06355283
47573.00     0.05674736
47573.10     0.05681897
47573.20     0.03418286
47573.30     0.01565854
47573.40     0.03831692
47573.50     0.04645413
47573.60     0.05137260
47573.70     0.04337459
47573.80     0.04136567
47573.90     0.06530139
47574.00     0.07632696
47574.10     0.05140658
47574.20     0.07851552
47574.30     0.12233738
47574.40     0.08684285
47574.50     0.10602574
47574.60     0.09082963
47574.70     0.13331383
47574.80     0.12097147
47574.90     0.12086745
47575.00     0.11206558
47575.10     0.10132545
47575.20     0.10109182
47575.30     0.11097769
47575.40     0.08791468
47575.50     0.11234524
47575.60     0.09666920
47575.70     0.09617598
47575.80     0.11431367
47575.90     0.11570223
47576.00     0.10229396
47576.10     0.08781280
47576.20     0.11245678
47576.30     0.09632000
47576.40     0.09084225
47576.50     0.06523828
47576.60     0.07914282
47576.70     0.09349506
47576.80     0.05057877
47576.90     0.06183176
47577.00     0.04656444
47577.10     0.03127180
47577.20     0.04712484
47577.30     0.02018533
47577.40     0.00276010
47577.50    -0.00047190
47577.60     0.03762969
47577.70     0.02581854
47577.80     0.04681363
47577.90     0.01996194
47578.00     0.03114876
47578.10     0.01217919
47578.20     0.01446520
47578.30     0.03462070
47578.40     0.01969585
47578.50     0.01903830
47578.60     0.02701451
47578.70     0.00914669
47578.80    -0.00826854
47578.90     0.00062617
47579.00     0.05215904
47579.10     0.03506263
47579.20     0.02707514
47579.30     0.05762444
47579.40     0.02135362
47579.50     0.00776062
47579.60    -0.00749737
47579.70    -0.00704324
47579.80    -0.00137017
47579.90     0.01144271
47580.00    -0.02085533
47580.10    -0.01559457
47580.20     0.02087038
47580.30     0.07182722
47580.40    -0.02824080
47580.50     0.00132848
47580.60     0.01597301
47580.70    -0.02220927
47580.80     0.00922814
47580.90    -0.02683424
47581.00    -0.00219025
47581.10    -0.04812568
47581.20    -0.02167321
47581.30    -0.02856292
47581.40    -0.03612652
47581.50    -0.04466651
47581.60    -0.05523306
47581.70    -0.01089033
47581.80    -0.03448675
47581.90    -0.06388583
47582.00    -0.03473664
47582.10    -0.02823572
47582.20    -0.01117702
47582.30    -0.05651843
47582.40    -0.03904720
47582.50    -0.02815044
47582.60    -0.04046701
47582.70    -0.06782714
47582.80    -0.06090817
47582.90    -0.05728338
47583.00    -0.08346615
47583.10    -0.06863900
47583.20    -0.09653573
47583.30    -0.02354127
47583.40    -0.07725380
47583.50    -0.03498348
47583.60    -0.00478108
47583.70    -0.04485241
47583.80    -0.04388088
47583.90    -0.02575475
47584.00    -0.00242867
47584.10    -0.06066336
47584.20    -0.10773345
47584.30    -0.07533441
47584.40    -0.03251379
47584.50    -0.09939640
47584.60    -0.08933725
47584.70    -0.06242934
47584.80    -0.08594356
47584.90    -0.07810398
47585.00    -0.08707716
47585.10    -0.05887941
47585.20    -0.05200839
47585.30    -0.10954354
47585.40    -0.06470028
47585.50    -0.12910667
47585.60    -0.07734963
47585.70    -0.12858687
47585.80    -0.10227779
47585.90    -0.09103031
47586.00    -0.06456738
47586.10    -0.12038043
47586.20    -0.05846591
47586.30    -0.07934444
47586.40    -0.16219366
47586.50    -0.11335104
47586.60    -0.12054921
47586.70    -0.15867330
47586.80    -0.08510829
47586.90    -0.08347429
47587.00    -0.11517219
47587.10    -0.11978468
47587.20    -0.08577842
47587.30    -0.08576847
47587.40    -0.11011600
47587.50    -0.08794487
47587.60    -0.09423709
47587.70    -0.05824038
47587.80    -0.00457186
47587.90    -0.05788649
47588.00    -0.07134710
47588.10    -0.04774477
47588.20    -0.03195764
47588.30     0.02170384
47588.40    -0.01288997
47588.50    -0.01054972
47588.60    -0.04669314
47588.70     0.01994202
47588.80     0.04888003
47588.90    -0.00397943
47589.00     0.00750406
47589.10     0.02222749
47589.20     0.01865834
47589.30     0.05507183
47589.40     0.03409740
47589.50     0.08051769
47589.60    -0.03467061
47589.70     0.01026193
47589.80    -0.05783522
47589.90     0.03299038
47590.00     0.03576949
47590.10    -0.01983131
47590.20    -0.03364931
47590.30     0.06506450
47590.40     0.03836923
47590.50    -0.03294604
47590.60    -0.00050288
47590.70     0.04809662
47590.80     0.01425744
47590.90     0.00368435
47591.00     0.06867942
47591.10     0.01528193
47591.20    -0.04332610
47591.30     0.02788183
47591.40     0.05119502
47591.50     0.10396010
47591.60     0.02209018
47591.70     0.14498958
47591.80    -0.00161974
47591.90     0.03297591
47592.00     0.05885988
47592.10     0.04628877
47592.20     0.10065547
47592.30     0.05070614
47592.40    -0.01198692
47592.50     0.05987006
47592.60     0.00054662
47592.70     0.03523184
47592.80     0.09629503
47592.90     0.08496802
47593.00     0.05724879
47593.10     0.12952663
47593.20     0.12922560
47593.30     0.06926610
47593.40     0.12627660
47593.50     0.03805040
47593.60     0.13253501
47593.70     0.25285259
47593.80     0.15325782
47593.90     0.08860651
47594.00     0.13523807
47594.10     0.18446046
47594.20     0.17870940
47594.30     0.03754934
47594.40     0.07102254
47594.50     0.05408578
47594.60     0.07261869
47594.70     0.08778838
47594.80     0.13477530
47594.90     0.12401401
47595.00     0.13244914
47595.10     0.05486430
47595.20     0.09455065
47595.30     0.14298849
47595.40     0.09115155
47595.50     0.01390381
47595.60     0.09678464
47595.70     0.15165497
47595.80     0.12314503
47595.90     0.12712072
47596.00     0.12636743
47596.10     0.10025627
47596.20     0.11266045
47596.30     0.11478766
47596.40     0.08827829
47596.50     0.09543403
47596.60     0.09330562
47596.70     0.13732775
47596.80     0.04108429
47596.90     0.06648407
47597.00     0.10455443
47597.10     0.07970531
47597.20     0.08023679
47597.30     0.11052497
47597.40     0.10913735
47597.50     0.11462639
47597.60     0.08991539
47597.70     0.10894511
47597.80     0.08646609
47597.90     0.09093087
47598.00     0.12951346
47598.10     0.10641306
47598.20     0.10132208
47598.30     0.12522887
47598.40     0.07713619
47598.50     0.09123631
47598.60     0.09328077
47598.70     0.10402715
47598.80     0.08968907
47598.90     0.07809121
47599.00     0.08171076
47599.10     0.12026766
47599.20     0.11638759
47599.30     0.12395493
47599.40     0.11356840
47599.50     0.11105658
47599.60     0.09570549
47599.70     0.08707342
47599.80     0.10843850
47599.90     0.09908244
47600.00     0.11088760
47600.10     0.08295282
47600.20     0.09675314
47600.30     0.09331541
47600.40     0.09673269
47600.50     0.11688469
47600.60     0.09422170
47600.70     0.10702965
47600.80     0.11554962
47600.90     0.10905727
47601.00     0.11803318
47601.10     0.11007258
47601.20     0.13098492
47601.30     0.10469499
47601.40     0.11622816
47601.50     0.11474638
47601.60     0.15051907
47601.70     0.12194043
47601.80     0.14700320
47601.90     0.15116732
47602.00     0.12578553
47602.10     0.12709866
47602.20     0.12126337
47602.30     0.11005369
47602.40     0.09374346
47602.50     0.10610151
47602.60     0.11924056
47602.70     0.09035707
47602.80     0.08931095
47602.90     0.10975167
47603.00     0.10091546
47603.10     0.08334009
47603.20     0.09368558
47603.30     0.10284027
47603.40     0.10015467
47603.50     0.09869760
47603.60     0.09481352
47603.70     0.11189495
47603.80     0.13197020
47603.90     0.13136403
47604.00     0.13091634
47604.10     0.13235836
47604.20     0.13194002
47604.30     0.11579524
47604.40     0.13356142
47604.50     0.13360664
47604.60     0.14493798
47604.70     0.16571714
47604.80     0.16413881
47604.90     0.16708356
47605.00     0.14893265
47605.10     0.15873867
47605.20     0.15377511
47605.30     0.14264274
47605.40     0.14109060
47605.50     0.17085010
47605.60     0.15191434
47605.70     0.19017728
47605.80     0.18736930
47605.90     0.19205964
47606.00     0.20390247
47606.10     0.19543229
47606.20     0.17801489
47606.30     0.17542078
47606.40     0.18469654
47606.50     0.21592464
47606.60     0.20864901
47606.70     0.21800847
47606.80     0.21502709
47606.90     0.21782412
47607.00     0.21478333
47607.10     0.19626467
47607.20     0.20972936
47607.30     0.24985397
47607.40     0.22323692
47607.50     0.22906068
47607.60     0.27031046
47607.70     0.27186447
47607.80     0.28922540
47607.90     0.25076780
47608.00     0.23549813
47608.10     0.25329089
47608.20     0.26434284
47608.30     0.26116368
47608.40     0.25209090
47608.50     0.27522373
47608.60     0.24792750
47608.70     0.28303021
47608.80     0.28357697
47608.90     0.25461972
47609.00     0.27807513
47609.10     0.27731931
47609.20     0.27335605
47609.30     0.27487674
47609.40     0.29113474
47609.50     0.27089038
47609.60     0.29758060
47609.70     0.28530738
47609.80     0.27908584
47609.90     0.27865312
47610.00     0.26743802
47610.10     0.26864409
47610.20     0.26806638
47610.30     0.26190171
47610.40     0.26250637
47610.50     0.24604990
47610.60     0.24664438
47610.70     0.23507577
47610.80     0.24711807
47610.90     0.23849308
47611.00     0.23540726
47611.10     0.22477601
47611.20     0.22626945
47611.30     0.23418978
47611.40     0.25357977
47611.50     0.24061464
47611.60     0.25308087
47611.70     0.25353685
47611.80     0.25067198
47611.90     0.26599076
47612.00     0.28045532
47612.10     0.27674714
47612.20     0.27924523
47612.30     0.26366636
47612.40     0.25608185
47612.50     0.25689882
47612.60     0.26332587
47612.70     0.27477530
47612.80     0.25814500
47612.90     0.25671086
47613.00     0.25431931
47613.10     0.27083781
47613.20     0.25351197
47613.30     0.26156852
47613.40     0.26841527
47613.50     0.27082908
47613.60     0.25148308
47613.70     0.28308427
47613.80     0.26958480
47613.90     0.26508260
47614.00     0.28321409
47614.10     0.25655919
47614.20     0.26701525
47614.30     0.26455885
47614.40     0.25352979
47614.50     0.25286162
47614.60     0.27291295
47614.70     0.23464411
47614.80     0.22972901
47614.90     0.21365589
47615.00     0.20711803
47615.10     0.20647466
47615.20     0.19473490
47615.30     0.17425731
47615.40     0.17767617
47615.50     0.16584674
47615.60     0.15819217
47615.70     0.15744829
47615.80     0.14620170
47615.90     0.14637348
47616.00     0.12189645
47616.10     0.11492919
47616.20     0.12141349
47616.30     0.11502093
47616.40     0.11961667
47616.50     0.11138485
47616.60     0.12262904
47616.70     0.11702114
47616.80     0.11976051
47616.90     0.12227599
47617.00     0.14327033
47617.10     0.14362526
47617.20     0.13278006
47617.30     0.14193252
47617.40     0.13960534
47617.50     0.15082814
47617.60     0.14460671
47617.70     0.15801097
47617.80     0.16388901
47617.90     0.16540198
47618.00     0.18497357
47618.10     0.17019361
47618.20     0.17661692
47618.30     0.18532099
47618.40     0.15989828
47618.50     0.15415843
47618.60     0.14765351
47618.70     0.13911001
47618.80     0.13809454
47618.90     0.13436943
47619.00     0.13493401
47619.10     0.10281830
47619.20     0.09071533
47619.30     0.12166698
47619.40     0.10074100
47619.50     0.06854048
47619.60     0.09051175
47619.70     0.07407623
47619.80     0.07163538
47619.90     0.08556240
47620.00     0.09340108
47620.10     0.05520979
47620.20     0.06835314
47620.30     0.09390362
47620.40     0.05464033
47620.50     0.08442480
47620.60     0.08839280
47620.70     0.04805376
47620.80     0.08052285
47620.90     0.06868429
47621.00     0.08981345
47621.10     0.06263376
47621.20     0.06874000
47621.30     0.07091917
47621.40     0.08813970
47621.50     0.06510881
47621.60     0.08857015
47621.70     0.06161646
47621.80     0.07037248
47621.90     0.06467398
47622.00     0.06847905
47622.10     0.05255125
47622.20     0.08428250
47622.30     0.06477417
47622.40     0.08141100
47622.50     0.10161990
47622.60     0.08652723
47622.70     0.10697182
47622.80     0.09049774
47622.90     0.09558848
47623.00     0.08631249
47623.10     0.09759740
47623.20     0.07508507
47623.30     0.08811858
47623.40     0.04988646
47623.50     0.06268030
47623.60     0.06213912
47623.70     0.03850181
47623.80     0.05368144
47623.90     0.01986836
47624.00     0.01571241
47624.10    -0.01442365
47624.20    -0.00863934
47624.30    -0.03410987
47624.40    -0.00761526
47624.50    -0.00910703
47624.60    -0.00759229
47624.70     0.00963297
47624.80     0.01739562
47624.90     0.02514630
47625.00     0.04167689
47625.10     0.04872282
47625.20     0.06266563
47625.30     0.08798126
47625.40     0.09315404
47625.50     0.11951235
47625.60     0.13818914
47625.70     0.12479944
47625.80     0.15701659
47625.90     0.15765068
47626.00     0.16003245
47626.10     0.18542250
47626.20     0.18741956
47626.30     0.17973037
47626.40     0.15535925
47626.50     0.16480550
47626.60     0.15651162
47626.70     0.16032088
47626.80     0.14582887
47626.90     0.11628993
47627.00     0.12888031
47627.10     0.13498521
47627.20     0.12147389
47627.30     0.12428736
47627.40     0.13203187
47627.50     0.15272173
47627.60     0.17789392
47627.70     0.18392830
47627.80     0.17679466
47627.90     0.17614874
47628.00     0.16148436
47628.10     0.15770097
47628.20     0.15190713
47628.30     0.16745932
47628.40     0.15052713
47628.50     0.15129341
47628.60     0.16308652
47628.70     0.14753571
47628.80     0.15542215
47628.90     0.17552625
47629.00     0.18788889
47629.10     0.19611149
47629.20     0.21675967
47629.30     0.21274841
47629.40     0.20128453
47629.50     0.19529766
47629.60     0.18059509
47629.70     0.18171063
47629.80     0.18076995
47629.90     0.15939768
47630.00     0.15705442
47630.10     0.16390723
47630.20     0.16960958
47630.30     0.16293879
47630.40     0.15536700
47630.50     0.17747615
47630.60     0.15282276
47630.70     0.12134935
47630.80     0.10198339
47630.90     0.09093595
47631.00     0.10382161
47631.10     0.09251560
47631.20     0.10328477
47631.30     0.10116892
47631.40     0.08256302
47631.50     0.10614514
47631.60     0.10631731
47631.70     0.09824581
47631.80     0.08911472
47631.90     0.07530075
47632.00     0.07990825
47632.10     0.06464744
47632.20     0.05671558
47632.30     0.04674759
47632.40     0.02278722
47632.50     0.03650006
47632.60     0.03619194
47632.70     0.03200050
47632.80     0.04669817
47632.90     0.03756428
47633.00     0.05604714
47633.10     0.03223064
47633.20     0.03088129
47633.30     0.01952157
47633.40     0.03372332
47633.50     0.04611474
47633.60     0.04881977
47633.70     0.05791031
47633.80     0.03439081
47633.90     0.02764839
47634.00     0.04356992
47634.10     0.03253260
47634.20     0.02606218
47634.30     0.05932630
47634.40     0.06134325
47634.50     0.04126101
47634.60     0.07067015
47634.70     0.07249146
47634.80     0.04942381
47634.90     0.06817754
47635.00     0.06760276
47635.10     0.07111064
47635.20     0.08587049
47635.30     0.07197977
47635.40     0.04386637
47635.50     0.07632747
47635.60     0.07057592
47635.70     0.05751684
47635.80     0.06983396
47635.90     0.08266567
47636.00     0.08431581
47636.10     0.09417985
47636.20     0.09909574
47636.30     0.11931305
47636.40     0.11847780
47636.50     0.11654118
47636.60     0.11173788
47636.70     0.10001460
47636.80     0.06711908
47636.90     0.04344691
47637.00     0.02387916
47637.10     0.01438308
47637.20     0.01234183
47637.30     0.00858976
47637.40     0.03330886
47637.50     0.03923793
47637.60     0.05861013
47637.70     0.05345694
47637.80     0.03545408
47637.90     0.03452649
47638.00     0.02685477
47638.10     0.04013414
47638.20     0.04733199
47638.30     0.03510823
47638.40     0.02837222
47638.50     0.02254802
47638.60     0.02244778
47638.70     0.01219687
47638.80     0.00247934
47638.90     0.03548076
47639.00     0.04948722
47639.10     0.07175750
47639.20     0.08676416
47639.30     0.10985941
47639.40     0.11714325
47639.50     0.12620284
47639.60     0.13587444
47639.70     0.12548074
47639.80     0.14406711
47639.90     0.15633518
47640.00     0.13918728
47640.10     0.16573007
47640.20     0.19366637
47640.30     0.18182854
47640.40     0.17594905
47640.50     0.16561477
47640.60     0.17654508
47640.70     0.17913496
47640.80     0.18623097
47640.90     0.17254120
47641.00     0.16936429
47641.10     0.17417532
47641.20     0.18406540
47641.30     0.17453557
47641.40     0.18589668
47641.50     0.16121291
47641.60     0.15687785
47641.70     0.15553632
47641.80     0.17013891
47641.90     0.16128357
47642.00     0.17109206
47642.10     0.18537791
47642.20     0.19998831
47642.30     0.18813926
47642.40     0.18477175
47642.50     0.17157644
47642.60     0.17755958
47642.70     0.15005097
47642.80     0.14105678
47642.90     0.12559105
47643.00     0.09435675
47643.10     0.06700275
47643.20     0.04558588
47643.30     0.02274750
47643.40     0.04898145
47643.50     0.04748393
47643.60     0.03513177
47643.70     0.05116339
47643.80     0.04600049
47643.90     0.02711035
47644.00     0.01900242
47644.10     0.00176881
47644.20     0.00665274
47644.30     0.01469422
47644.40     0.01302886
47644.50     0.00502278
47644.60     0.02735519
47644.70     0.04973054
47644.80     0.06898743
47644.90     0.03718198
47645.00     0.08379350
47645.10     0.06073864
47645.20     0.03798093
47645.30     0.03268110
47645.40     0.03456246
47645.50     0.06954934
47645.60     0.08434531
47645.70     0.10914606
47645.80     0.12298959
47645.90     0.13818783
47646.00     0.14213867
47646.10     0.10976634
47646.20     0.07258946
47646.30     0.03339042
47646.40     0.09726202
47646.50     0.08404411
47646.60     0.06671761
47646.70     0.05314621
47646.80     0.06223684
47646.90     0.05861363
47647.00     0.04055054
47647.10     0.03213631
47647.20     0.02553192
47647.30     0.02391060
47647.40    -0.05874461
47647.50    -0.06183260
47647.60    -0.04466197
47647.70    -0.04764051
47647.80     0.03023462
47647.90     0.04106582
47648.00    -0.03180093
47648.10    -0.03342519
47648.20    -0.00834205
47648.30    -0.02798567
47648.40    -0.03347530
47648.50    -0.02329329
47648.60    -0.00522806
47648.70     0.00032842
47648.80     0.09196845
47648.90     0.07839207
47649.00     0.07768382
47649.10     0.07457096
47649.20     0.06929494
47649.30     0.05333743
47649.40     0.05335081
47649.50     0.03003590
47649.60     0.04764985
47649.70     0.02037236
47649.80     0.06356099
47649.90    -0.03074984
47650.00    -0.02006354
47650.10     0.01903998
47650.20     0.02359905
47650.30     0.02200595
47650.40    -0.00995913
47650.50    -0.00979248
47650.60     0.00280907
47650.70    -0.00839072
47650.80    -0.01116641
47650.90    -0.01324741
47651.00    -0.01400087
47651.10     0.01166573
47651.20     0.01477539
47651.30     0.01983690
47651.40     0.01414629
47651.50     0.02271285
47651.60     0.02801784
47651.70     0.04405916
47651.80     0.05416967
47651.90     0.04303391
47652.00     0.02834219
47652.10     0.02962194
47652.20     0.04173620
47652.30     0.03336998
47652.40     0.04098164
47652.50     0.02816217
47652.60     0.01743174
47652.70     0.03596732
47652.80     0.03933652
47652.90     0.04492304
47653.00     0.02703645
47653.10     0.04631550
47653.20     0.03906425
47653.30     0.03707479
47653.40     0.03123309
47653.50     0.05954130
47653.60     0.04472014
47653.70     0.06675415
47653.80     0.05523776
47653.90     0.04554627
47654.00     0.07314225
47654.10     0.07316867
47654.20     0.11428031
47654.30     0.11432897
47654.40     0.11787041
47654.50     0.12819843
47654.60     0.12584960
47654.70     0.10854769
47654.80     0.08283587
47654.90     0.12098084
47655.00     0.10736655
47655.10     0.11294867
47655.20     0.08527943
47655.30     0.08399872
47655.40     0.05075767
47655.50     0.03284365
47655.60     0.04299488
47655.70     0.03247198
47655.80     0.02197978
47655.90     0.00125798
47656.00    -0.00200139
47656.10     0.00371163
47656.20     0.00356522
47656.30    -0.01622843
47656.40    -0.00829820
47656.50     0.00027058
47656.60    -0.00432879
47656.70     0.01639532
47656.80     0.01393060
47656.90     0.03576999
47657.00     0.02571253
47657.10     0.02948369
47657.20     0.02768199
47657.30     0.03292335
47657.40     0.03302580
47657.50     0.04124684
47657.60     0.02665122
47657.70     0.03603137
47657.80     0.03074536
47657.90     0.05075764
47658.00     0.04196108
47658.10     0.04606851
47658.20     0.05921927
47658.30     0.04222758
47658.40     0.03532005
47658.50     0.03746544
47658.60     0.03876301
47658.70     0.01638673
47658.80     0.02190793
47658.90     0.00300972
47659.00     0.02551777
47659.10     0.00881353
47659.20     0.01797952
47659.30     0.03541428
47659.40     0.00545315
47659.50     0.02374175
47659.60     0.02338606
47659.70     0.02246802
47659.80     0.02076127
47659.90     0.04028450
47660.00     0.01879394
47660.10     0.06001882
47660.20     0.04201371
47660.30     0.05376504
47660.40     0.07148827
47660.50     0.04024420
47660.60     0.04455704
47660.70     0.04104734
47660.80     0.02909738
47660.90     0.02421368
47661.00     0.05010215
47661.10     0.02664751
47661.20     0.00756029
47661.30     0.03367134
47661.40     0.01103325
47661.50    -0.00782946
47661.60    -0.01837833
47661.70    -0.03419035
47661.80    -0.02881175
47661.90    -0.04971732
47662.00    -0.05833204
47662.10    -0.05311032
47662.20    -0.05968861
47662.30    -0.02111465
47662.40    -0.03022728
47662.50    -0.03872573
47662.60    -0.03740879
47662.70    -0.03367298
47662.80    -0.02145043
47662.90    -0.00126668
47663.00    -0.01247713
47663.10    -0.01713614
47663.20    -0.00676228
47663.30    -0.00931070
47663.40    -0.02453217
47663.50    -0.02305811
47663.60    -0.00685256
47663.70    -0.01735058
47663.80     0.00486939
47663.90     0.03121434
47664.00     0.02893658
47664.10     0.02218073
47664.20     0.03440044
47664.30     0.01079207
47664.40     0.00223435
47664.50     0.02792026
47664.60     0.03161419
47664.70     0.01047221
47664.80    -0.03863268
47664.90    -0.01928491
47665.00    -0.02707217
47665.10    -0.05571497
47665.20    -0.08699078
47665.30    -0.05525507
47665.40    -0.07302868
47665.50    -0.04195241
47665.60    -0.03334552
47665.70    -0.04424080
47665.80    -0.05797235
47665.90    -0.06165545
47666.00    -0.08325235
47666.10    -0.10352552
47666.20    -0.08515251
47666.30    -0.08154164
47666.40    -0.06220923
47666.50    -0.04528964
47666.60    -0.06806038
47666.70    -0.03077959
47666.80    -0.03106799
47666.90    -0.00854201
47667.00    -0.03639357
47667.10    -0.01693949
47667.20    -0.01393731
47667.30     0.01166970
47667.40     0.01191082
47667.50     0.00401525
47667.60    -0.00639183
47667.70    -0.04233160
47667.80    -0.04448991
47667.90    -0.03289906
47668.00    -0.03445824
47668.10    -0.01630750
47668.20    -0.01588669
47668.30    -0.02177468
47668.40    -0.00910074
47668.50    -0.01039376
47668.60    -0.01499537
47668.70    -0.00492211
47668.80    -0.00850556
47668.90    -0.01674912
47669.00     0.02552338
47669.10     0.03054609
47669.20     0.04522002
47669.30     0.02679496
47669.40     0.01769642
47669.50     0.02062834
47669.60     0.02424873
47669.70     0.02640411
47669.80     0.03593215
47669.90     0.03543761
47670.00     0.04462660
47670.10     0.03611893
47670.20     0.04866019
47670.30     0.04808074
47670.40     0.02671861
47670.50     0.01877163
47670.60     0.03714714
47670.70     0.03003873
47670.80     0.05632652
47670.90     0.05702021
47671.00     0.02729893
47671.10     0.01235785
47671.20     0.04987513
47671.30     0.04265620
47671.40     0.02565016
47671.50     0.02918267
47671.60     0.01905304
47671.70     0.03412431
47671.80     0.04482973
47671.90     0.04456051
47672.00     0.08320085
47672.10     0.06617548
47672.20     0.06316092
47672.30     0.06641490
47672.40     0.06681783
47672.50     0.06429815
47672.60     0.08123726
47672.70     0.04688757
47672.80     0.05497567
47672.90     0.03747249
47673.00     0.04380720
47673.10     0.04602063
47673.20     0.04404015
47673.30     0.05894940
47673.40     0.05951663
47673.50     0.06473894
47673.60     0.05583395
47673.70     0.03563226
47673.80     0.05625678
47673.90     0.03408623
47674.00     0.03244651
47674.10     0.03932121
47674.20     0.03799685
47674.30     0.03648113
47674.40     0.02387519
47674.50     0.03659181
47674.60     0.05082307
47674.70     0.04660723
47674.80     0.04538118
47674.90     0.04304179
47675.00     0.06162272
47675.10     0.08366893
47675.20     0.06267245
47675.30     0.02192289
47675.40    -0.00960061
47675.50    -0.00247113
47675.60     0.02017838
47675.70     0.03095599
47675.80     0.04325159
47675.90     0.05978021
47676.00     0.07869136
47676.10     0.09374593
47676.20     0.10360132
47676.30     0.08908579
47676.40     0.09523558
47676.50     0.08887818
47676.60     0.11445514
47676.70     0.09050249
47676.80     0.08720143
47676.90     0.06578320
47677.00     0.04548692
47677.10     0.02791118
47677.20     0.02733074
47677.30     0.02347786
47677.40     0.02215761
47677.50     0.03188173
47677.60     0.02389913
47677.70    -0.01294447
47677.80    -0.01474945
47677.90     0.00572213
47678.00     0.05522972
47678.10     0.01923133
47678.20     0.03131776
47678.30     0.03878997
47678.40     0.03217266
47678.50    -0.00211966
47678.60     0.00984589
47678.70     0.02700899
47678.80     0.06328480
47678.90     0.02157296
47679.00     0.01787898
47679.10     0.01416933
47679.20     0.03642383
47679.30     0.01855039
47679.40     0.01421196
47679.50     0.03006625
47679.60     0.02286596
47679.70    -0.00957522
47679.80     0.00642810
47679.90     0.01618758
47680.00     0.00074555
47680.10     0.02747358
47680.20    -0.01957083
47680.30    -0.00806477
47680.40    -0.01463063
47680.50     0.01944676
47680.60    -0.01977861
47680.70    -0.00694420
47680.80    -0.00807978
47680.90    -0.02207421
47681.00    -0.02150610
47681.10    -0.04085463
47681.20    -0.04874062
47681.30    -0.02651437
47681.40    -0.01453077
47681.50    -0.02093207
47681.60    -0.03313655
47681.70    -0.04217339
47681.80    -0.05400842
47681.90    -0.07336843
47682.00    -0.08582762
47682.10    -0.09652790
47682.20    -0.09312031
47682.30    -0.13399307
47682.40    -0.13462147
47682.50    -0.16448770
47682.60    -0.16488253
47682.70    -0.18830240
47682.80    -0.17882796
47682.90    -0.18552972
47683.00    -0.19202416
47683.10    -0.19726397
47683.20    -0.17772137
47683.30    -0.17969501
47683.40    -0.16849048
47683.50    -0.15981926
47683.60    -0.16627590
47683.70    -0.13991345
47683.80    -0.13756025
47683.90    -0.14433201
47684.00    -0.15738484
47684.10    -0.16265596
47684.20    -0.14730854
47684.30    -0.16171052
47684.40    -0.15513009
47684.50    -0.13850145
47684.60    -0.13688451
47684.70    -0.14868274
47684.80    -0.14718457
47684.90    -0.13254322
47685.00    -0.15187040
47685.10    -0.11238383
47685.20    -0.11427505
47685.30    -0.14003725
47685.40    -0.12776579
47685.50    -0.11777267
47685.60    -0.11768094
47685.70    -0.11409859
47685.80    -0.11898300
47685.90    -0.10779205
47686.00    -0.09446964
47686.10    -0.09267431
47686.20    -0.08735975
47686.30    -0.06752773
47686.40    -0.06802649
47686.50    -0.07400043
47686.60    -0.08206496
47686.70    -0.04565286
47686.80    -0.07142841
47686.90    -0.09289673
47687.00    -0.09646381
47687.10    -0.09226179
47687.20    -0.08635835
47687.30    -0.08915575
47687.40    -0.10796218
47687.50    -0.10551520
47687.60    -0.08486520
47687.70    -0.08169294
47687.80    -0.06716464
47687.90    -0.06349317
47688.00    -0.06842332
47688.10    -0.06073881
47688.20    -0.06272988
47688.30    -0.05789621
47688.40    -0.05358356
47688.50    -0.03443825
47688.60    -0.01032339
47688.70     0.29933396
47688.80    -0.17813492
47688.90     0.14235903
47689.00    -0.03086638
47689.10    -0.06191816
47689.20    -0.06015513
47689.30    -0.01659422
47689.40    -0.00601451
47689.50    -0.02293746
47689.60     0.00656781
47689.70    -0.02988499
47689.80     0.00758972
47689.90     0.01290945
47690.00    -0.03439713
47690.10     0.02290839
47690.20    -0.00031087
47690.30    -0.02709638
47690.40    -0.04998412
47690.50    -0.04800549
47690.60    -0.07128787
47690.70    -0.05301088
47690.80    -0.02932656
47690.90    -0.06004612
47691.00    -0.08073035
47691.10    -0.06077362
47691.20    -0.03226401
47691.30    -0.01018271
47691.40     0.00764574
47691.50    -0.00805061
47691.60    -0.02779160
47691.70    -0.01972623
47691.80    -0.04293705
47691.90    -0.01557702
47692.00    -0.02723775
47692.10    -0.03679271
47692.20    -0.02310230
47692.30    -0.03582252
47692.40    -0.03429767
47692.50    -0.03260706
47692.60    -0.04783728
47692.70    -0.07091155
47692.80    -0.05890258
47692.90    -0.06585409
47693.00    -0.06329239
47693.10    -0.08948462
47693.20    -0.07824055
47693.30    -0.05988887
47693.40    -0.03437416
47693.50    -0.01530806
47693.60    -0.00385912
47693.70     0.01428624
47693.80     0.02861461
47693.90     0.01488632
47694.00    -0.00414193
47694.10    -0.00264467
47694.20     0.01878935
47694.30    -0.02975512
47694.40    -0.02360936
47694.50    -0.03609239
47694.60    -0.04175181
47694.70    -0.04271100
47694.80    -0.03708878
47694.90    -0.06055368
47695.00    -0.03172213
47695.10    -0.04381261
47695.20    -0.02915726
47695.30    -0.01172769
47695.40    -0.02656616
47695.50    -0.00382088
47695.60    -0.02103957
47695.70     0.00292653
47695.80     0.00066281
47695.90    -0.00449156
47696.00     0.01245995
47696.10    -0.00127935
47696.20     0.01183423
47696.30    -0.00348465
47696.40     0.02061573
47696.50     0.01064145
47696.60     0.02708542
47696.70     0.03846805
47696.80     0.03561131
47696.90     0.04372591
47697.00     0.01670502
47697.10     0.04487827
47697.20     0.04996203
47697.30     0.01638166
47697.40     0.03933523
47697.50     0.02136609
47697.60     0.03087920
47697.70     0.01980736
47697.80     0.02723237
47697.90     0.00460007
47698.00    -0.00227002
47698.10     0.00143021
47698.20    -0.00383566
47698.30    -0.01316616
47698.40    -0.00458397
47698.50    -0.00766028
47698.60    -0.02434411
47698.70    -0.02508893
47698.80    -0.01903761
47698.90    -0.02231956
47699.00    -0.01436705
47699.10     0.00589427
47699.20     0.02047499
47699.30     0.03525420
47699.40     0.04163416
47699.50     0.05267593
47699.60     0.05203169
47699.70     0.04720749
47699.80     0.05310501
47699.90     0.03068434
